Age,BusinessTravel,DailyRate,Department,DistanceFromHome,Education,EducationField,EmployeeCount,EmployeeNumber,EnvironmentSatisfaction,Gender,HourlyRate,JobInvolvement,JobLevel,JobRole,JobSatisfaction,MaritalStatus,MonthlyIncome,MonthlyRate,NumCompaniesWorked,Over18,OverTime,PercentSalaryHike,PerformanceRating,RelationshipSatisfaction,StandardHours,StockOptionLevel,TotalWorkingYears,TrainingTimesLastYear,WorkLifeBalance,YearsAtCompany,YearsInCurrentRole,YearsSinceLastPromotion,YearsWithCurrManager,Actual,prediction
28,2,866,2,5,3,3,1,1469,4,1,84,3,2,7,1,2,8463,23490,0,0,0,18,3,4,80,0,6,4,3,5,4,1,3,0,0
53,2,1084,1,13,2,3,1,250,4,0,57,4,2,4,1,0,4450,26250,1,0,0,11,3,3,80,2,5,3,3,4,2,1,3,0,0
24,2,240,0,22,1,0,1,1714,4,1,58,1,1,1,3,1,1555,11585,1,0,0,11,3,3,80,1,1,2,3,1,0,0,0,1,1
45,2,1339,1,7,3,1,1,86,2,1,59,3,3,6,1,0,9724,18787,2,0,0,17,3,3,80,1,25,2,3,1,0,0,0,0,0
36,2,1396,1,5,2,1,1,304,4,1,62,3,2,2,2,2,5914,9945,8,0,0,16,3,4,80,0,16,3,4,13,11,3,7,0,0
34,2,204,2,14,3,5,1,666,3,0,31,3,1,8,3,0,2579,2912,1,0,1,18,3,4,80,2,8,3,3,8,2,0,6,0,0
35,2,144,1,22,3,1,1,577,4,1,46,1,1,2,3,2,4230,19225,0,0,0,15,3,3,80,0,6,2,3,5,4,4,3,0,0
39,2,1431,1,1,4,3,1,332,3,0,96,3,1,2,3,0,2232,15417,7,0,0,14,3,3,80,3,7,1,3,3,2,1,2,0,0
45,0,1052,2,6,3,3,1,302,4,0,57,2,3,7,4,2,8865,16840,6,0,0,12,3,4,80,0,23,2,3,19,7,12,8,0,0
35,2,1229,1,8,1,1,1,63,4,1,36,4,1,2,4,1,2269,4892,1,0,0,19,3,4,80,0,1,2,3,1,0,0,1,0,0
47,2,1454,2,2,4,1,1,925,4,0,65,2,1,8,4,2,3294,13137,1,0,1,18,3,1,80,0,3,3,2,3,2,1,2,0,1
43,2,531,2,4,4,2,1,1293,4,0,56,2,3,7,4,2,10231,20364,3,0,0,14,3,4,80,0,23,3,4,21,7,15,17,0,0
44,2,625,1,4,3,3,1,852,4,1,50,3,2,0,2,2,5933,5197,9,0,0,12,3,4,80,0,10,2,2,5,2,2,3,0,0
40,2,1171,1,10,4,1,1,483,4,0,46,4,1,2,3,1,2213,22495,3,0,1,13,3,3,80,1,10,3,3,7,7,1,7,0,0
22,2,581,1,1,2,1,1,2007,4,1,63,3,1,6,3,2,3375,17624,0,0,0,12,3,4,80,0,4,2,4,3,2,1,2,0,0
30,1,1312,1,2,4,5,1,1745,4,0,78,2,1,6,1,2,4968,26427,0,0,0,16,3,4,80,0,10,2,3,9,7,0,7,0,0
29,1,461,1,1,3,1,1,1753,4,1,70,4,2,0,3,2,6294,23060,8,0,1,12,3,4,80,0,10,5,4,3,2,0,2,0,0
36,2,885,1,16,4,1,1,1042,3,0,43,4,1,2,1,2,2743,8269,1,0,0,16,3,3,80,0,18,1,3,17,13,15,14,1,0
47,0,666,1,29,4,1,1,376,1,1,88,3,3,3,2,1,11849,10268,1,0,1,12,3,4,80,1,10,2,2,10,7,9,9,1,1
34,1,829,1,15,3,3,1,1485,2,1,71,3,4,5,1,0,17007,11929,7,0,0,14,3,4,80,2,16,3,2,14,8,6,9,0,0
31,1,307,1,29,2,3,1,355,3,1,71,2,1,2,2,2,3479,11652,0,0,0,11,3,2,80,0,6,2,4,5,4,1,4,1,1
47,2,983,1,2,2,3,1,574,1,0,65,3,2,4,4,0,5070,7389,5,0,0,13,3,3,80,3,20,2,3,5,0,0,4,0,0
32,2,601,2,7,5,2,1,1446,4,1,97,3,2,7,4,1,9204,23343,4,0,0,12,3,3,80,1,7,3,2,4,3,0,3,0,0
38,2,322,2,7,2,3,1,382,1,0,44,4,2,7,1,0,5605,19191,1,0,1,24,4,3,80,1,8,3,3,8,0,7,7,0,0
33,2,1242,2,8,4,1,1,1560,1,1,46,3,2,7,1,1,6392,10589,2,0,0,13,3,4,80,1,8,6,1,2,2,2,2,0,0
55,2,685,2,26,5,2,1,1578,3,1,60,2,5,3,4,1,19586,23037,1,0,0,21,4,3,80,1,36,3,3,36,6,2,13,0,0
27,2,618,1,4,3,1,1,933,2,0,76,3,1,6,3,2,2318,17808,1,0,0,19,3,3,80,0,1,2,3,1,1,0,0,0,0
33,2,586,2,1,3,3,1,855,1,1,48,4,2,7,1,0,4037,21816,1,0,0,22,4,1,80,1,9,5,3,9,8,0,8,0,0
44,2,1467,1,20,3,1,1,1475,4,1,49,3,1,6,2,2,3420,21158,1,0,0,13,3,3,80,0,6,3,2,5,2,1,3,0,0
34,2,470,1,2,4,1,1,339,4,1,84,2,2,4,1,1,5957,23687,6,0,0,13,3,2,80,1,13,3,3,11,9,5,9,0,0
30,2,305,1,16,3,1,1,1763,3,1,58,4,2,0,3,1,5294,9128,3,0,0,16,3,3,80,1,10,3,3,7,0,1,7,0,1
26,2,1066,1,2,2,3,1,1018,4,1,32,4,2,4,4,1,5472,3334,1,0,0,12,3,2,80,0,8,2,3,8,7,1,3,0,0
40,1,791,1,2,2,3,1,807,3,0,38,4,2,0,2,1,4244,9931,1,0,0,24,4,4,80,1,8,2,3,8,7,3,7,0,0
37,2,799,1,1,3,5,1,623,2,0,59,3,3,4,4,2,7491,23848,4,0,0,17,3,4,80,0,12,3,4,6,5,1,2,0,0
36,2,1456,2,13,5,2,1,1733,2,1,96,2,2,7,1,0,6134,8658,5,0,1,13,3,2,80,3,16,3,3,2,2,2,2,1,0
35,2,882,2,3,4,1,1,984,4,1,92,3,3,7,4,0,7823,6812,6,0,0,13,3,2,80,1,12,2,3,10,9,0,8,0,0
40,0,218,1,8,1,3,1,1468,4,1,55,2,3,5,2,0,13757,25178,2,0,0,11,3,3,80,1,16,5,3,9,8,4,8,0,0
41,0,906,1,5,2,1,1,1210,1,1,95,2,1,6,1,0,2107,20293,6,0,0,17,3,1,80,1,5,2,1,1,0,0,0,1,1
28,2,1434,1,5,4,5,1,65,3,1,50,3,1,2,3,2,3441,11179,1,0,1,13,3,3,80,0,2,3,2,2,2,2,2,1,0
28,2,1217,1,1,3,3,1,1834,3,0,67,3,1,6,1,1,3591,12719,1,0,0,25,4,3,80,1,3,3,3,3,2,1,2,0,0
38,2,702,2,1,4,1,1,230,1,0,59,2,2,7,4,2,8686,12930,4,0,0,22,4,3,80,0,12,2,4,8,3,0,7,0,0
40,2,1342,2,9,2,3,1,1548,1,1,47,3,2,7,1,1,5473,19345,0,0,0,12,3,4,80,0,9,5,4,8,4,7,1,0,1
32,0,1200,1,1,4,5,1,1574,4,1,62,3,2,6,1,1,4087,25174,4,0,0,14,3,2,80,1,9,3,2,6,5,1,2,0,0
38,1,1186,1,3,4,4,1,1060,3,1,44,3,1,6,3,1,2821,2997,3,0,0,16,3,1,80,1,8,2,3,2,2,2,2,0,0
33,2,350,2,5,3,2,1,485,4,0,34,3,1,8,3,2,2851,9150,1,0,1,13,3,2,80,0,1,2,3,1,0,0,0,1,0
38,0,1327,2,2,2,1,1,361,4,1,39,2,2,7,4,1,5249,19682,3,0,0,18,3,4,80,1,13,0,3,8,7,7,5,0,0
40,2,299,2,25,4,2,1,1318,4,1,57,2,3,7,2,2,9094,17235,2,0,1,12,3,3,80,0,9,2,3,5,4,1,0,1,1
33,2,118,2,16,3,2,1,819,1,0,69,3,2,7,1,2,5324,26507,5,0,0,15,3,3,80,0,6,3,3,3,2,0,2,1,1
50,1,562,2,8,2,5,1,723,2,1,50,3,2,7,3,1,6796,23452,3,0,1,14,3,1,80,1,18,4,3,4,3,1,3,1,0
19,0,504,1,10,3,3,1,1248,1,0,96,2,1,6,2,2,1859,6148,1,0,1,25,4,2,80,0,1,2,4,1,1,0,0,1,1
46,2,1009,1,2,3,1,1,575,1,1,51,3,4,5,3,1,17861,2288,6,0,0,13,3,3,80,0,26,2,1,3,2,0,1,0,1
31,2,691,1,5,4,5,1,423,3,1,86,3,1,6,4,1,4821,10077,0,0,1,12,3,3,80,1,6,4,3,5,2,0,3,0,0
51,2,684,1,6,3,1,1,162,1,1,51,3,5,5,3,2,19537,6462,7,0,0,13,3,3,80,0,23,5,3,20,18,15,15,0,0
34,2,507,2,15,2,3,1,1356,3,0,66,3,2,7,1,2,6125,23553,1,0,0,12,3,4,80,0,10,6,4,10,8,9,6,0,0
29,2,1082,1,9,4,3,1,1709,4,0,43,3,1,2,3,1,2974,25412,9,0,0,17,3,3,80,1,9,2,3,5,3,1,2,0,0
32,1,1316,1,2,2,1,1,1235,4,0,38,3,2,6,3,2,4998,2338,4,0,1,14,3,4,80,0,10,2,3,8,7,0,7,0,0
40,2,905,1,19,2,3,1,281,3,1,99,3,2,2,4,1,2741,16523,8,0,1,15,3,3,80,1,15,2,4,7,2,3,7,0,0
33,1,1303,1,7,2,1,1,1970,4,1,36,3,2,0,3,0,5968,18079,1,0,0,20,4,3,80,3,9,2,3,9,7,2,8,0,0
34,2,970,1,8,2,3,1,757,2,0,96,3,2,0,3,2,6142,7360,3,0,0,11,3,4,80,0,10,2,3,5,1,4,3,0,1
39,1,711,1,4,3,3,1,1633,1,0,81,3,2,4,3,2,5042,3140,0,0,0,13,3,4,80,0,10,2,1,9,2,3,8,0,0
45,2,176,0,4,3,1,1,1744,3,0,56,1,3,1,3,1,9756,6595,4,0,0,21,4,3,80,2,9,2,4,5,0,0,3,0,0
21,2,1334,1,10,3,1,1,1079,3,0,36,2,1,2,1,2,1416,17258,1,0,0,13,3,1,80,0,1,6,2,1,0,1,0,1,1
31,1,1445,1,1,5,1,1,1459,3,0,100,4,3,4,2,2,7446,8931,1,0,0,11,3,1,80,0,10,2,3,10,8,4,7,1,0
50,2,691,1,2,3,3,1,815,3,1,64,3,4,5,3,1,17639,6881,5,0,0,16,3,4,80,0,30,3,3,4,3,0,3,0,0
37,2,1141,1,11,2,3,1,1033,1,0,61,1,2,0,2,1,4777,14382,5,0,0,15,3,1,80,0,15,2,1,1,0,0,0,1,1
35,2,556,1,23,2,1,1,261,2,1,50,2,2,4,3,1,5916,15497,3,0,1,13,3,1,80,0,8,1,3,1,0,0,1,1,1
27,2,1130,2,8,4,2,1,458,2,0,56,3,2,7,2,1,6214,3415,1,0,0,18,3,1,80,1,8,3,3,8,7,0,7,0,0
37,2,783,1,7,4,3,1,1885,4,1,78,3,2,6,1,1,4284,13588,5,0,1,22,4,3,80,1,16,2,3,5,3,0,4,0,0
28,2,1117,1,8,2,1,1,395,4,0,66,3,1,6,4,2,3310,4488,1,0,0,21,4,4,80,0,5,3,3,5,3,0,2,0,0
40,2,898,0,6,2,3,1,1550,3,1,38,3,4,3,4,2,16437,17381,1,0,1,21,4,4,80,0,21,2,3,21,7,7,7,0,1
36,2,335,2,17,2,2,1,1908,3,1,33,2,2,7,2,1,5507,16822,2,0,0,16,3,3,80,2,12,1,1,4,2,1,3,0,0
46,2,705,2,2,4,2,1,38,2,0,83,3,5,3,1,2,18947,22822,3,0,0,12,3,4,80,0,22,2,2,2,2,2,1,0,0
37,2,558,2,2,3,2,1,656,4,1,75,3,2,7,3,1,9602,3010,4,0,1,11,3,3,80,1,17,3,2,3,0,1,0,0,0
35,2,776,2,1,4,2,1,100,3,1,32,2,2,7,1,2,4312,23016,0,0,0,14,3,2,80,0,16,2,3,15,13,2,8,0,0
29,2,1329,1,7,3,1,1,1260,3,1,82,3,2,0,4,0,6623,4204,1,0,1,11,3,2,80,2,6,2,3,6,0,1,0,0,0
55,2,836,1,8,3,3,1,84,4,0,33,3,4,3,3,0,14756,19730,2,0,1,14,3,3,80,3,21,2,3,5,0,0,2,0,0
34,1,426,1,10,4,1,1,1615,3,1,42,4,2,4,4,0,4724,17000,1,0,0,13,3,1,80,1,9,3,3,9,7,7,2,0,0
34,2,1111,2,8,2,1,1,808,3,0,93,3,2,7,1,1,6500,13305,5,0,0,17,3,2,80,1,6,1,3,3,2,1,2,0,0
36,2,363,1,1,3,5,1,1237,3,0,77,1,3,4,1,0,10252,4235,2,0,1,21,4,3,80,1,17,2,3,7,7,7,7,0,0
30,2,634,1,17,4,3,1,1321,2,0,95,3,3,3,1,1,11916,25927,1,0,1,23,4,4,80,2,9,2,3,9,1,0,8,0,0
53,2,1223,1,7,2,3,1,1201,4,0,50,3,5,3,3,0,18606,18640,3,0,0,18,3,2,80,1,26,6,3,7,7,4,7,0,0
39,2,141,0,3,3,0,1,760,3,0,44,4,2,1,2,1,6389,18767,9,0,0,15,3,3,80,1,12,3,1,8,3,3,6,0,0
58,2,605,2,21,3,1,1,1938,4,0,72,3,4,3,4,1,17875,11761,4,0,1,13,3,3,80,1,29,2,2,1,0,0,0,0,0
25,2,622,2,13,1,3,1,645,2,1,40,3,1,8,3,1,2096,26376,1,0,0,11,3,3,80,0,7,1,3,7,4,0,6,0,0
29,2,408,2,23,1,1,1,1165,4,0,45,2,3,7,1,1,7336,11162,1,0,0,13,3,1,80,1,11,3,1,11,8,3,10,1,0
44,0,981,1,5,3,1,1,1471,3,1,90,2,1,2,3,2,3162,7973,3,0,0,14,3,4,80,0,7,5,3,5,2,0,3,0,0
41,2,1206,2,23,2,1,1,1678,4,1,80,3,3,7,3,2,7082,11591,3,0,1,16,3,4,80,0,21,2,3,2,0,0,2,0,1
44,2,1112,0,1,4,1,1,665,1,0,50,2,2,1,3,2,5985,26894,4,0,0,11,3,2,80,0,10,1,4,2,2,0,2,0,1
32,2,638,1,8,2,3,1,865,3,0,91,4,2,6,3,1,5175,22162,5,0,0,12,3,3,80,1,9,3,2,5,3,1,3,0,0
30,1,721,1,1,2,3,1,57,3,0,58,3,2,2,4,2,4011,10781,1,0,0,23,4,4,80,0,12,2,3,12,8,3,7,0,0
37,2,1115,1,1,4,1,1,77,1,1,51,2,2,4,3,0,5993,2689,1,0,0,18,3,3,80,1,7,2,4,7,5,0,7,0,0
21,2,391,1,15,2,1,1,30,3,1,96,3,1,6,4,2,1232,19281,1,0,0,14,3,4,80,0,0,6,3,0,0,0,0,0,1
39,2,119,2,15,4,2,1,1975,2,1,77,3,4,7,1,2,13341,25098,0,0,0,12,3,1,80,0,21,3,3,20,8,11,10,0,0
30,2,202,2,2,1,5,1,508,3,1,72,3,1,8,2,1,2476,17434,1,0,0,18,3,1,80,1,1,3,3,1,0,0,0,0,0
37,2,1189,2,3,3,1,1,152,3,1,87,3,3,7,4,2,7428,14506,2,0,0,12,3,1,80,0,12,3,3,5,3,1,3,0,0
31,2,1232,1,7,4,3,1,462,3,0,39,3,3,4,4,2,7143,25713,1,0,1,14,3,3,80,0,11,2,2,11,9,4,10,0,0
29,2,1246,2,19,3,1,1,1497,3,1,77,2,2,7,3,0,8620,23757,1,0,0,14,3,3,80,2,10,3,3,10,7,0,4,0,0
37,0,1063,1,25,5,3,1,529,2,0,72,3,2,6,3,1,4449,23866,3,0,1,15,3,1,80,2,15,2,3,13,11,10,7,0,0
47,2,571,2,14,3,3,1,1503,3,0,78,3,2,7,3,1,4591,24200,3,0,1,17,3,3,80,1,11,4,2,5,4,1,2,0,0
46,2,1125,2,10,3,2,1,580,3,0,94,2,3,7,4,1,9071,11563,2,0,1,19,3,3,80,1,15,3,3,3,2,1,2,0,0
55,2,452,1,1,3,3,1,374,4,1,81,3,5,3,1,2,19045,18938,0,0,1,14,3,3,80,0,37,2,3,36,10,4,13,0,0
28,2,950,1,3,3,3,1,1121,4,0,93,3,3,4,2,0,7655,8039,0,0,0,17,3,2,80,3,10,3,2,9,7,1,7,0,0
49,2,1184,2,11,3,2,1,840,3,0,43,3,3,7,4,1,7654,5860,1,0,0,18,3,1,80,2,9,3,4,9,8,7,7,1,1
27,2,1291,2,11,3,3,1,1364,3,0,98,4,1,8,4,1,2534,6527,8,0,0,14,3,2,80,1,5,4,3,1,0,0,0,0,0
48,2,1355,1,4,4,1,1,1024,3,1,78,2,3,0,3,2,10999,22245,7,0,0,14,3,2,80,0,27,3,3,15,11,4,8,0,0
38,2,770,2,10,4,2,1,1119,3,1,73,2,3,7,3,0,8740,5569,0,0,1,14,3,2,80,2,9,2,3,8,7,2,7,0,0
46,0,1144,1,7,4,3,1,487,3,0,30,3,2,4,3,1,5258,16044,2,0,0,14,3,3,80,0,7,2,4,1,0,0,0,0,0
32,1,1318,2,10,4,2,1,1853,4,1,79,3,2,7,4,2,4648,26075,8,0,0,13,3,3,80,0,4,2,4,0,0,0,0,0,1
37,2,397,1,7,4,3,1,102,1,1,30,3,3,5,3,2,13664,25258,4,0,0,13,3,1,80,0,16,3,4,5,2,0,2,0,0
45,2,252,1,1,3,4,1,336,3,1,70,4,5,3,4,1,19202,15970,0,0,0,11,3,3,80,1,25,2,3,24,0,1,7,0,0
35,2,763,2,15,2,3,1,1645,1,1,59,1,2,7,4,0,5440,22098,6,0,1,14,3,4,80,2,7,2,2,2,2,2,2,1,0
45,2,1015,1,5,5,3,1,1611,3,0,50,1,2,2,1,2,5769,23447,1,0,1,14,3,1,80,0,10,3,3,10,7,1,4,0,0
31,0,1188,2,20,2,2,1,947,4,0,45,3,2,7,3,1,6932,24406,1,0,0,13,3,4,80,1,9,2,2,9,8,0,0,0,0
30,2,1176,1,20,3,4,1,1084,3,1,85,3,2,4,1,1,9957,9096,0,0,0,15,3,3,80,1,7,1,2,6,2,0,2,0,0
38,1,1490,1,2,2,1,1,556,4,1,42,3,1,2,4,1,1702,12106,1,0,1,23,4,3,80,1,1,3,3,1,0,0,0,0,0
45,2,1316,1,29,3,3,1,192,3,1,83,3,1,6,4,2,3452,9752,5,0,0,13,3,2,80,0,9,2,2,6,5,0,3,0,0
59,1,1225,2,1,1,1,1,91,1,0,57,2,2,7,3,2,5473,24668,7,0,0,11,3,4,80,0,20,2,2,4,3,1,3,0,0
29,2,1389,1,21,4,1,1,20,2,0,51,4,3,4,1,0,9980,10195,1,0,0,11,3,3,80,1,10,1,3,10,9,8,8,0,0
49,2,809,1,1,3,1,1,1677,3,1,36,3,4,3,3,2,15379,22384,4,0,0,14,3,1,80,0,23,2,3,8,7,0,0,0,1
33,2,1099,1,4,4,3,1,1502,1,0,82,2,1,2,2,1,3838,8192,8,0,0,11,3,4,80,0,8,5,3,5,4,0,2,0,0
56,2,1255,1,1,2,1,1,1441,1,0,90,3,1,6,1,1,2066,10494,2,0,0,22,4,4,80,1,5,3,4,3,2,1,0,0,0
34,2,943,1,9,3,1,1,1344,4,1,86,3,3,0,4,0,8500,5494,0,0,0,11,3,4,80,1,10,0,2,9,7,1,6,0,1
51,1,968,1,6,2,3,1,1297,2,0,40,2,1,2,3,2,2838,4257,0,0,0,14,3,2,80,0,8,6,2,7,0,7,7,0,1
53,0,661,1,1,4,3,1,1775,1,0,60,2,4,4,3,1,12965,22308,4,0,1,20,4,4,80,3,27,2,2,3,2,0,2,0,0
38,1,240,1,2,4,1,1,803,1,0,75,4,2,4,1,2,5980,26085,6,0,1,12,3,4,80,0,17,2,3,15,7,4,12,0,1
19,2,489,0,2,2,5,1,566,1,1,52,2,1,1,4,2,2564,18437,1,0,0,12,3,3,80,0,1,3,4,1,0,0,0,1,0
25,2,1356,2,10,4,1,1,1240,3,1,57,3,2,7,4,2,4950,20623,0,0,0,14,3,2,80,0,5,4,3,4,3,1,1,0,0
39,1,203,1,2,3,1,1,1127,1,1,84,3,4,0,4,0,12169,13547,7,0,0,11,3,4,80,3,21,4,3,18,7,11,5,1,0
39,2,408,1,2,4,5,1,721,4,0,80,2,2,0,3,2,4553,20978,1,0,0,11,3,1,80,0,20,4,3,20,7,11,10,0,0
31,2,218,2,7,3,5,1,416,2,1,100,4,2,7,4,1,6929,12241,4,0,0,11,3,2,80,1,10,3,2,8,7,7,7,0,0
29,1,574,1,20,1,3,1,1852,4,1,40,3,1,2,4,1,3812,7003,1,0,0,13,3,2,80,0,11,3,4,11,8,3,10,0,0
18,0,1431,1,14,3,3,1,1839,2,0,33,3,1,6,3,2,1514,8018,1,0,0,16,3,3,80,0,0,4,1,0,0,0,0,0,0
60,1,1499,2,28,3,2,1,573,3,0,80,2,3,7,1,1,10266,2845,4,0,0,19,3,4,80,0,22,5,4,18,13,13,11,0,1
33,1,827,1,29,4,3,1,1101,1,0,54,2,2,6,3,2,4508,3129,1,0,0,22,4,2,80,0,14,4,3,13,7,3,8,1,0
26,2,1384,1,3,4,3,1,1177,1,1,82,4,1,2,4,1,4420,13421,1,0,0,22,4,2,80,1,8,2,3,8,7,0,7,0,0
34,2,285,1,29,3,3,1,1377,2,1,86,3,2,2,3,1,5429,17491,4,0,0,13,3,1,80,2,10,1,3,8,7,7,7,0,0
21,2,996,1,3,2,3,1,379,4,1,100,2,1,6,3,2,3230,10531,1,0,0,17,3,1,80,0,3,4,4,3,2,1,0,0,0
31,1,534,1,20,3,1,1,587,1,1,66,3,3,0,3,1,9824,22908,3,0,0,12,3,1,80,0,12,2,3,1,0,0,0,1,1
42,2,544,0,2,1,5,1,470,3,1,52,3,1,1,3,0,2696,24017,0,0,1,11,3,3,80,1,4,5,3,3,2,1,0,0,0
50,2,939,1,24,3,1,1,1005,4,1,95,3,4,4,3,1,13973,4161,3,0,1,18,3,4,80,1,22,2,3,12,11,1,5,0,0
28,1,791,1,1,4,3,1,1286,4,1,44,3,1,2,3,2,2154,6842,0,0,1,11,3,3,80,0,5,2,2,4,2,0,2,0,1
42,2,319,1,24,3,3,1,605,4,1,56,3,3,4,1,1,7406,6950,1,0,1,21,4,4,80,1,10,5,2,10,9,5,8,0,1
36,0,894,1,1,4,3,1,1662,4,0,33,2,2,4,3,1,4374,15411,0,0,0,15,3,3,80,0,4,6,3,3,2,1,2,0,0
27,1,994,2,8,3,1,1,56,4,1,37,3,3,7,3,2,8726,2975,1,0,0,15,3,4,80,0,9,0,3,9,8,1,7,0,0
49,2,465,1,6,1,1,1,1661,3,0,41,2,4,0,3,1,13966,11652,2,0,1,19,3,2,80,1,30,3,3,15,11,2,12,0,0
32,0,953,1,5,4,5,1,1764,2,1,65,3,1,6,2,2,2718,17674,2,0,0,14,3,2,80,0,12,3,3,7,7,0,7,0,0
54,1,928,1,20,4,1,1,450,4,0,31,3,2,6,3,2,4869,16885,3,0,0,12,3,4,80,0,20,4,2,4,3,0,3,0,0
21,1,251,1,10,2,1,1,1279,1,0,45,2,1,2,3,2,2625,25308,1,0,0,20,4,3,80,0,2,2,1,2,2,2,2,1,0
32,2,827,1,1,1,1,1,134,4,1,71,3,1,6,1,2,2956,15178,1,0,0,13,3,4,80,0,1,2,3,1,0,0,0,0,0
25,2,240,2,5,3,2,1,142,3,1,46,2,2,7,3,2,5744,26959,1,0,1,11,3,4,80,0,6,1,3,6,4,0,3,1,0
32,2,906,2,7,3,1,1,420,4,1,91,2,2,7,3,1,5484,16985,1,0,0,14,3,3,80,1,13,3,2,13,8,4,8,0,0
46,2,377,2,9,3,2,1,1457,1,1,52,3,3,7,4,0,10096,15986,4,0,0,11,3,1,80,1,28,1,4,7,7,4,3,1,0
56,2,713,1,8,3,1,1,241,3,0,67,3,1,6,1,0,4257,13939,4,0,1,18,3,3,80,1,19,3,3,2,2,2,2,0,0
32,2,515,1,1,3,1,1,331,4,1,62,2,1,2,3,2,3730,9571,0,0,1,14,3,4,80,0,4,2,1,3,2,1,2,1,1
39,2,1498,2,21,4,1,1,1390,1,1,44,2,2,7,4,1,6120,3567,3,0,1,12,3,4,80,2,8,2,4,5,4,1,4,0,0
25,2,688,1,3,3,3,1,538,1,1,91,3,1,2,1,1,4031,9396,5,0,0,13,3,3,80,1,6,5,3,2,2,0,2,1,0
31,2,1003,2,5,3,5,1,1749,1,1,51,3,2,7,3,1,8346,20943,1,0,0,19,3,3,80,1,6,3,3,5,2,0,2,0,0
22,2,594,1,2,1,5,1,169,3,1,100,3,1,2,4,1,2523,19299,0,0,0,14,3,3,80,1,3,2,3,2,1,2,1,0,0
46,2,430,1,1,4,3,1,1069,4,1,40,3,5,5,4,0,19627,21445,9,0,0,17,3,4,80,2,23,0,3,2,2,2,2,0,0
32,2,1062,1,2,3,3,1,471,3,0,75,3,1,2,2,1,2370,3956,1,0,0,13,3,3,80,1,8,4,3,8,0,0,7,0,0
38,2,903,1,2,3,3,1,1573,3,1,81,3,2,4,2,1,4855,7653,4,0,0,11,3,1,80,2,7,2,3,5,2,1,4,1,0
34,2,258,2,21,4,1,1,621,4,1,74,4,2,7,4,2,5337,19921,1,0,0,12,3,4,80,0,10,3,3,10,7,5,7,0,0
45,0,589,2,2,4,1,1,1845,3,0,67,3,2,7,3,1,5154,19665,4,0,0,22,4,2,80,2,10,3,4,8,7,5,7,0,0
49,2,464,1,16,3,3,1,1674,4,0,74,3,1,2,1,0,2587,24941,4,0,1,16,3,2,80,1,17,2,2,2,2,2,2,0,0
34,2,1157,1,5,2,3,1,1696,2,1,57,2,2,2,4,1,3986,11912,1,0,0,14,3,3,80,1,15,3,4,15,10,4,13,0,0
30,2,946,1,2,3,3,1,833,3,0,52,2,2,4,4,2,6877,20234,5,0,1,24,4,2,80,0,12,4,2,0,0,0,0,0,0
30,2,125,1,9,2,3,1,41,4,1,83,2,1,2,3,2,2206,16117,1,0,0,13,3,1,80,0,10,5,3,10,0,1,8,0,0
39,2,835,1,19,4,4,1,1871,4,1,41,3,2,6,4,0,3902,5141,8,0,0,14,3,2,80,3,7,2,3,2,2,2,2,0,0
50,2,1099,1,29,4,1,1,569,2,1,88,2,4,3,3,1,17046,9314,0,0,0,15,3,2,80,1,28,2,3,27,10,15,7,0,0
35,2,1296,1,5,4,5,1,464,3,1,62,3,3,4,2,2,8095,18264,0,0,0,13,3,4,80,0,17,5,3,16,6,0,13,0,0
37,2,1319,1,6,3,3,1,474,3,1,51,4,2,6,1,0,5974,17001,4,0,1,13,3,1,80,2,13,2,3,7,7,6,7,0,0
40,2,1137,1,1,4,1,1,1892,1,1,98,3,4,3,1,0,16823,18991,2,0,0,11,3,1,80,1,22,3,3,19,7,11,16,0,0
35,2,1490,1,11,4,3,1,2003,4,1,43,3,1,2,3,1,2660,20232,7,0,1,11,3,3,80,1,5,3,3,2,2,2,2,0,0
24,2,477,1,24,3,3,1,1173,4,1,49,3,1,2,2,2,3597,6409,8,0,0,22,4,4,80,0,6,2,3,4,3,1,2,0,0
32,2,1018,1,2,4,3,1,439,1,0,74,4,2,6,4,2,5055,10557,7,0,0,16,3,3,80,0,10,0,2,7,7,0,7,0,0
34,2,1440,2,7,2,5,1,1541,2,1,55,3,1,8,3,1,2308,4944,0,0,1,25,4,2,80,1,12,4,3,11,10,5,7,0,0
34,2,1351,1,1,4,1,1,1580,2,1,45,3,2,6,4,1,5484,13008,9,0,0,17,3,2,80,1,9,3,2,2,2,2,1,0,0
57,2,334,1,24,2,1,1,223,3,1,83,4,3,0,4,0,9439,23402,3,0,1,16,3,2,80,1,12,2,1,5,3,1,4,0,0
41,2,796,2,4,1,2,1,1815,3,0,81,3,3,7,3,0,10447,26458,0,0,1,13,3,4,80,1,23,3,4,22,14,13,5,0,0
24,1,567,1,2,1,5,1,1646,1,0,32,3,1,6,4,2,3760,17218,1,0,1,13,3,3,80,0,6,2,3,6,3,1,3,0,0
56,2,1369,1,23,3,1,1,1373,4,1,68,3,4,4,2,1,13402,18235,4,0,1,12,3,1,80,1,33,0,3,19,16,15,9,0,0
28,2,304,2,9,4,1,1,498,2,1,92,3,2,7,4,2,5253,20750,1,0,0,16,3,4,80,0,7,1,3,7,5,0,7,0,0
42,2,532,1,4,2,5,1,319,3,1,58,3,5,3,4,1,19232,4933,1,0,0,11,3,4,80,0,22,3,3,22,17,11,15,0,0
39,2,1089,1,6,3,1,1,1525,2,0,32,3,3,4,2,2,8376,9150,4,0,0,18,3,4,80,0,9,3,3,2,0,2,2,0,0
35,2,1232,2,16,3,2,1,406,3,1,96,3,3,7,2,1,8020,5100,0,0,0,15,3,3,80,2,12,3,2,11,9,6,9,0,0
27,0,443,1,3,3,3,1,850,4,1,50,3,1,6,4,1,1706,16571,1,0,0,11,3,3,80,3,0,6,2,0,0,0,0,0,0
40,2,448,1,16,3,1,1,1641,3,0,84,3,3,4,4,2,7945,19948,6,0,1,15,3,4,80,0,18,2,2,4,2,3,3,0,1
50,2,1046,1,10,3,5,1,491,4,1,100,2,3,0,4,2,10496,2755,6,0,0,15,3,4,80,0,20,2,3,4,3,1,3,0,0
46,2,261,1,21,2,3,1,1821,4,0,66,3,2,0,2,1,8926,10842,4,0,0,22,4,4,80,1,13,2,4,9,7,3,7,1,0
28,2,857,1,10,3,4,1,1097,3,0,59,3,2,6,3,2,3660,7909,3,0,0,13,3,4,80,0,10,4,4,8,7,1,7,0,0
40,2,1194,1,1,3,1,1,1822,3,0,52,3,2,0,4,0,6513,9060,4,0,0,17,3,4,80,1,12,3,3,5,3,0,3,0,0
59,2,1435,2,25,3,1,1,81,1,0,99,3,3,7,1,2,7637,2354,7,0,0,11,3,4,80,0,28,3,2,21,16,7,9,0,1
29,2,332,0,17,3,4,1,1419,2,1,51,2,3,1,1,2,7988,9769,1,0,0,13,3,1,80,0,10,3,2,10,9,0,9,0,0
42,2,557,1,18,4,1,1,1998,4,1,35,3,2,6,1,0,5410,11189,6,0,1,17,3,3,80,1,9,3,2,4,3,1,2,0,0
28,2,1083,1,29,1,1,1,1514,3,1,96,1,2,4,2,1,6549,3173,1,0,0,14,3,2,80,2,8,2,2,8,6,1,7,0,1
44,0,111,1,17,3,1,1,1206,4,1,74,1,1,6,3,2,2290,4279,2,0,0,13,3,4,80,0,6,3,3,0,0,0,0,0,0
48,2,969,1,2,2,5,1,1258,4,1,76,4,1,2,2,2,2559,16620,5,0,0,11,3,3,80,0,7,4,2,1,0,0,0,0,0
42,1,570,1,8,3,1,1,809,2,1,66,3,5,3,4,0,18430,16225,1,0,0,13,3,2,80,1,24,4,2,24,7,14,9,0,0
35,2,817,1,1,3,3,1,1369,4,0,60,2,2,2,4,1,5363,10846,0,0,0,12,3,2,80,1,10,0,3,9,7,0,0,0,0
38,2,1261,1,2,4,1,1,271,4,1,88,3,2,4,3,1,6553,7259,9,0,0,14,3,2,80,0,14,3,3,1,0,0,0,0,0
44,0,381,1,24,3,3,1,744,1,1,49,1,1,2,3,2,3708,2104,2,0,0,14,3,3,80,0,9,5,3,5,2,1,4,0,1
35,1,1182,2,11,2,2,1,1137,4,1,54,3,2,7,4,0,4968,18500,1,0,0,11,3,4,80,1,5,3,3,5,2,0,2,0,0
34,2,131,2,2,3,2,1,1281,3,0,86,3,2,7,1,2,4538,6039,0,0,1,12,3,4,80,0,4,3,3,3,2,0,2,0,1
41,2,314,0,1,3,0,1,734,4,1,59,2,5,3,3,1,19189,19562,1,0,0,12,3,2,80,1,22,3,3,22,7,2,10,0,0
53,2,970,1,7,3,1,1,730,3,1,59,4,4,5,3,1,14814,13514,3,0,0,19,3,3,80,0,32,3,3,5,1,1,3,0,0
33,2,924,1,2,3,3,1,39,3,1,78,3,1,2,4,2,2496,6670,4,0,0,11,3,4,80,0,7,3,3,1,1,0,0,0,0
35,1,853,2,18,5,1,1,74,2,1,71,3,3,7,1,1,9069,11031,1,0,0,22,4,4,80,1,9,3,2,9,8,1,8,0,0
26,0,786,1,7,3,3,1,1693,4,1,76,3,1,2,4,2,2570,11925,1,0,0,20,4,3,80,0,7,5,3,7,7,5,7,0,0
42,1,748,1,9,2,3,1,1480,1,0,74,3,1,2,4,2,3673,16458,1,0,0,13,3,3,80,0,12,3,3,12,9,5,8,0,0
60,2,422,1,7,3,1,1,549,1,0,41,3,5,3,1,1,19566,3854,5,0,0,11,3,4,80,0,33,5,1,29,8,11,10,0,0
42,1,288,1,2,3,1,1,1547,4,1,40,3,3,0,4,1,10124,18611,2,0,1,14,3,3,80,1,24,3,1,20,8,13,9,0,0
34,1,296,2,6,2,2,1,555,4,0,33,1,1,8,3,0,2351,12253,0,0,0,16,3,4,80,1,3,3,2,2,2,1,0,1,0
25,2,882,1,19,1,3,1,1358,4,1,67,3,1,2,4,1,3669,9075,3,0,0,11,3,3,80,3,7,6,2,3,2,1,2,0,0
38,2,130,2,2,2,2,1,1125,4,1,32,3,3,7,2,2,7351,20619,7,0,0,16,3,3,80,0,10,2,3,1,0,0,0,0,1
31,0,325,1,5,3,3,1,2057,2,1,74,3,2,4,1,2,9936,3787,0,0,0,19,3,2,80,0,10,2,3,9,4,1,7,0,0
30,0,1116,1,2,3,3,1,571,3,0,49,3,1,2,4,2,2564,7181,0,0,0,14,3,3,80,0,12,2,2,11,7,6,7,0,0
36,0,845,2,1,5,3,1,479,4,0,45,3,2,7,4,2,6653,15276,4,0,0,15,3,2,80,0,7,6,3,1,0,0,0,0,0
40,2,1202,1,2,1,3,1,1375,2,0,89,4,2,0,3,0,6377,13888,5,0,0,20,4,2,80,3,15,0,3,12,11,11,8,0,0
31,2,106,0,2,3,0,1,424,1,1,62,2,2,1,1,1,6410,17822,3,0,0,12,3,4,80,0,9,1,3,2,2,1,0,0,0
49,2,1490,1,7,4,1,1,1484,3,1,35,3,3,0,2,0,10466,20948,3,0,0,14,3,2,80,2,29,3,3,8,7,0,7,0,0
44,0,489,1,23,3,3,1,132,2,1,67,3,2,2,2,1,2042,25043,4,0,0,12,3,3,80,1,17,3,4,3,2,1,2,0,0
24,1,1287,1,7,3,1,1,647,1,0,55,3,1,2,3,1,2886,14168,1,0,1,16,3,4,80,1,6,4,3,6,3,1,2,1,0
37,0,728,1,1,4,3,1,380,1,0,80,3,3,5,4,0,13603,11677,2,0,1,18,3,1,80,2,15,2,3,5,2,0,2,0,0
29,1,115,2,13,3,5,1,1487,1,0,51,3,2,7,2,2,5765,17485,5,0,0,11,3,1,80,0,7,4,1,5,3,0,0,1,1
38,1,508,1,6,4,1,1,1997,1,1,72,2,2,4,3,1,5321,14284,2,0,0,11,3,4,80,1,10,1,3,8,3,7,7,0,0
27,2,1103,1,14,3,1,1,1244,1,1,42,3,1,6,1,1,2235,14377,1,0,1,14,3,4,80,2,9,3,2,9,7,6,8,0,0
30,2,855,2,7,4,2,1,1428,4,0,73,3,2,7,1,0,4779,12761,7,0,0,14,3,2,80,2,8,3,3,3,2,0,2,0,0
32,2,824,1,5,2,1,1,1555,4,0,67,2,2,6,2,1,5878,15624,3,0,0,12,3,1,80,1,12,2,3,7,1,2,5,0,0
35,0,1212,2,8,2,2,1,1243,3,0,78,2,3,7,4,1,10377,13755,4,0,1,11,3,2,80,1,16,6,2,13,2,4,12,0,0
33,2,461,1,13,1,1,1,995,2,0,53,3,1,6,4,2,3452,17241,3,0,0,18,3,1,80,0,5,4,3,3,2,0,2,0,0
40,1,720,1,16,4,3,1,832,1,1,51,2,2,2,3,2,5094,11983,6,0,0,14,3,4,80,0,10,6,3,1,0,0,0,0,0
31,2,1365,2,13,4,3,1,650,2,1,46,3,2,7,1,0,4233,11512,2,0,0,17,3,3,80,0,9,2,1,3,1,1,2,1,1
45,1,364,1,25,3,3,1,1306,2,0,83,3,5,3,2,2,18061,13035,3,0,0,22,4,3,80,0,22,4,3,0,0,0,0,0,0
34,2,937,2,1,3,2,1,1950,1,1,32,3,3,7,4,2,9888,6770,1,0,0,21,4,1,80,0,14,3,2,14,8,2,1,0,0
42,2,188,1,29,3,3,1,1148,2,1,56,1,2,2,4,2,4272,9558,4,0,0,19,3,1,80,0,16,3,3,1,0,0,0,0,0
39,2,170,1,3,2,3,1,1627,3,1,76,2,2,2,3,0,3069,10302,0,0,0,15,3,4,80,1,11,3,3,10,8,0,7,0,0
56,0,667,1,1,4,1,1,2026,3,1,57,3,2,0,3,0,6306,26236,1,0,0,21,4,1,80,1,13,2,2,13,12,1,9,0,0
25,2,1219,1,4,1,5,1,1106,4,1,32,3,1,2,4,1,3691,4605,1,0,1,15,3,2,80,1,7,3,4,7,7,5,6,1,0
59,2,715,1,2,3,1,1,1032,3,0,69,2,4,4,4,2,13726,21829,3,0,1,13,3,1,80,0,30,4,3,5,3,4,3,0,0
44,2,1315,1,3,4,4,1,671,4,1,35,3,5,3,4,1,19513,9358,4,0,1,12,3,1,80,1,26,2,4,2,2,0,1,0,0
33,2,465,1,2,2,1,1,328,1,0,39,3,1,2,1,1,2707,21509,7,0,0,20,4,1,80,0,13,3,4,9,7,1,7,1,0
34,1,648,0,11,3,1,1,1289,3,1,56,2,2,1,2,1,4490,21833,4,0,0,11,3,4,80,2,14,5,4,10,9,1,8,0,1
26,2,1146,2,8,3,5,1,796,4,1,38,2,2,7,1,2,5326,3064,6,0,0,17,3,3,80,0,6,2,2,4,3,1,2,1,0
44,2,1199,1,4,2,1,1,1288,3,1,92,4,5,3,1,0,19190,17477,1,0,0,14,3,4,80,2,26,4,2,25,9,14,13,0,0
37,2,482,1,3,3,4,1,689,3,1,36,3,3,4,3,1,9434,9606,1,0,0,15,3,3,80,1,10,2,3,10,7,7,8,0,0
54,2,157,1,10,3,3,1,1980,3,0,77,3,2,4,1,2,4440,25198,6,0,1,19,3,4,80,0,9,3,3,5,2,1,4,0,1
34,2,1303,1,2,4,1,1,579,4,1,62,2,1,6,3,0,2768,8416,3,0,0,12,3,3,80,1,14,3,3,7,3,5,7,0,0
36,1,1302,1,6,4,1,1,1594,1,1,80,4,2,2,1,1,5562,19711,3,0,1,13,3,4,80,1,9,3,3,3,2,0,2,0,0
40,0,1151,1,9,5,1,1,287,4,1,63,2,2,0,4,1,4876,14242,9,0,0,14,3,4,80,1,5,5,1,3,2,0,2,0,0
49,1,1023,2,2,3,3,1,2065,4,1,63,2,2,7,2,1,5390,13243,2,0,0,14,3,4,80,0,17,3,2,9,6,0,8,0,0
39,0,439,1,9,3,1,1,1132,3,1,70,3,2,2,2,2,6782,8770,9,0,0,15,3,3,80,0,9,2,2,5,4,0,3,0,0
41,2,427,0,10,4,0,1,731,2,1,73,2,5,3,4,0,19141,8861,3,0,0,15,3,2,80,3,23,2,2,21,6,12,6,0,0
52,0,771,2,2,4,1,1,329,1,1,79,2,5,3,3,2,19068,21030,1,0,1,18,3,4,80,0,33,2,4,33,7,15,12,0,1
31,2,655,1,7,4,1,1,76,4,1,48,3,2,2,4,0,5915,9528,3,0,0,22,4,4,80,1,10,3,2,7,7,1,7,0,0
40,2,369,1,8,2,1,1,1724,2,0,92,3,2,4,1,1,6516,5041,2,0,1,16,3,2,80,1,18,3,3,1,0,0,0,0,0
30,2,1275,1,28,2,3,1,441,4,0,64,3,2,6,4,1,5775,11934,1,0,0,13,3,4,80,2,11,2,3,10,8,1,9,0,0
29,2,1283,1,23,3,1,1,495,4,1,54,3,1,6,4,2,2201,18168,9,0,0,16,3,4,80,0,6,4,3,3,2,1,2,0,0
58,2,289,1,2,3,5,1,977,4,1,51,3,1,6,3,2,2479,26227,4,0,0,24,4,1,80,0,7,4,3,1,0,0,0,1,0
40,1,1469,1,9,4,3,1,964,4,1,35,3,1,6,2,0,3617,25063,8,0,1,14,3,4,80,1,3,2,3,1,1,0,0,0,1
43,2,1291,1,15,2,1,1,1666,3,1,65,2,4,5,3,1,17603,3525,1,0,0,24,4,1,80,1,14,3,3,14,10,6,11,0,0
37,2,342,2,16,4,2,1,868,4,1,66,2,2,7,3,0,6334,24558,4,0,0,19,3,4,80,2,9,2,3,1,0,0,0,0,0
30,2,1465,1,1,3,3,1,1241,4,1,63,3,1,6,2,1,3579,9369,0,0,1,21,4,1,80,1,12,2,3,11,9,5,7,0,0
30,0,990,1,7,3,5,1,1482,3,1,64,3,1,6,3,0,1274,7152,1,0,0,13,3,2,80,2,1,2,2,1,0,0,0,0,0
34,1,653,1,10,4,5,1,1597,4,1,92,2,2,0,3,1,5063,15332,1,0,0,14,3,2,80,1,8,3,2,8,2,7,7,0,0
33,1,1111,2,5,1,1,1,1395,2,1,61,3,2,7,4,1,9998,19293,6,0,0,13,3,1,80,0,8,2,4,5,4,1,2,0,0
49,2,527,1,8,2,4,1,944,1,0,51,3,3,2,2,1,7403,22477,4,0,0,11,3,3,80,1,29,3,2,26,9,1,7,0,0
50,2,854,2,1,4,3,1,323,4,0,68,3,5,3,4,0,19517,24118,3,0,0,11,3,3,80,1,32,3,2,7,0,0,6,0,0
30,0,1398,2,22,4,4,1,567,3,0,69,3,3,7,1,1,8412,2890,0,0,0,11,3,3,80,0,10,3,3,9,8,7,8,0,0
35,1,138,1,2,3,3,1,269,2,0,37,3,2,2,2,2,4425,15986,5,0,0,11,3,4,80,0,10,5,3,6,2,1,2,0,0
47,0,543,2,2,4,2,1,1731,3,1,87,3,2,7,2,1,4978,3536,7,0,0,11,3,4,80,1,4,3,1,1,0,0,0,0,1
35,2,1214,1,1,3,3,1,105,2,1,30,2,1,6,3,2,2859,26278,1,0,0,18,3,1,80,0,6,3,3,6,4,0,4,0,0
49,1,1064,1,2,1,1,1,1941,2,1,42,3,5,5,4,1,19161,13738,3,0,0,15,3,4,80,0,28,3,3,5,4,4,3,0,0
43,2,990,1,27,3,5,1,1599,4,1,87,4,1,2,2,0,4876,5855,5,0,0,12,3,3,80,1,8,0,3,6,4,0,2,0,0
34,1,658,1,7,3,1,1,147,1,1,66,1,2,2,3,2,6074,22887,1,0,1,24,4,4,80,0,9,3,3,9,7,0,6,1,0
30,2,979,2,15,2,2,1,1754,3,1,94,2,3,7,1,0,7140,3088,2,0,0,11,3,1,80,1,12,2,3,7,7,1,7,0,0
31,2,1112,2,5,4,1,1,1673,1,0,67,3,2,7,4,1,5476,22589,1,0,0,11,3,1,80,2,10,2,3,10,0,0,2,0,0
46,2,991,0,1,2,1,1,1314,4,0,44,3,1,1,1,2,3423,22957,6,0,0,12,3,3,80,0,10,3,4,7,6,5,7,0,0
43,2,177,1,8,3,1,1,920,1,0,55,3,2,4,2,0,4765,23814,4,0,0,21,4,3,80,1,4,2,4,1,0,0,0,0,0
39,0,792,1,1,3,1,1,1737,4,1,77,3,2,2,4,1,6472,8989,1,0,1,15,3,4,80,1,9,2,3,9,8,5,8,0,0
41,2,918,2,6,3,2,1,1708,4,1,35,3,3,7,3,2,9241,15869,1,0,0,12,3,2,80,0,10,3,3,10,8,8,7,0,0
52,0,715,1,19,4,3,1,791,4,1,41,3,1,6,4,1,4258,26589,0,0,0,18,3,1,80,1,5,3,3,4,3,1,2,0,0
30,0,641,2,25,2,5,1,475,4,0,85,3,2,7,3,1,4736,6069,7,0,1,12,3,2,80,1,4,2,4,2,2,2,2,0,0
48,2,1108,1,15,4,4,1,1576,3,0,65,3,1,6,1,1,2367,16530,8,0,0,12,3,4,80,1,10,3,2,8,2,7,6,0,1
29,2,441,1,8,1,4,1,1544,3,0,39,1,2,0,1,1,9715,7288,3,0,0,13,3,3,80,1,9,3,3,7,7,0,7,0,1
49,2,1091,1,1,2,5,1,431,3,0,90,2,4,0,3,2,13964,17810,7,0,1,12,3,4,80,0,25,2,3,7,1,0,7,0,1
35,2,287,1,1,4,1,1,2052,3,0,62,1,1,6,4,1,2977,8952,1,0,0,12,3,4,80,1,4,5,3,4,3,1,1,0,0
28,1,467,2,7,3,1,1,1507,3,1,55,3,2,7,1,2,4898,11827,0,0,0,14,3,4,80,0,5,5,3,4,2,1,3,0,0
32,0,1184,1,1,3,1,1,951,3,0,70,2,1,2,2,1,2332,3974,6,0,0,20,4,3,80,0,5,3,3,3,0,0,2,0,0
31,2,480,1,7,2,3,1,524,2,0,31,3,2,4,1,1,4306,4156,1,0,0,12,3,2,80,1,13,5,1,13,10,3,12,0,0
34,2,304,2,2,3,4,1,786,4,1,60,3,2,7,4,2,6274,18686,1,0,0,22,4,3,80,0,6,5,3,6,5,1,4,0,0
34,2,167,1,8,5,1,1,775,2,0,32,3,2,4,1,0,5121,4187,3,0,0,14,3,3,80,1,7,3,3,0,0,0,0,0,0
50,2,1322,1,28,3,1,1,1317,4,0,43,3,4,5,1,1,16880,22422,4,0,1,11,3,2,80,0,25,2,3,3,2,1,2,0,0
37,2,1225,1,10,2,1,1,715,4,1,80,4,1,6,4,2,4680,15232,3,0,0,17,3,1,80,0,4,2,3,1,0,0,0,0,0
47,2,249,2,2,2,2,1,903,3,0,35,3,2,7,4,1,4537,17783,0,0,1,22,4,1,80,1,8,2,3,7,6,7,7,0,0
24,2,350,1,21,2,5,1,1551,3,1,57,2,1,2,1,0,2296,10036,0,0,0,14,3,2,80,3,2,3,3,1,1,0,0,0,1
18,0,287,1,5,2,1,1,1012,2,1,73,3,1,6,4,2,1051,13493,1,0,0,15,3,4,80,0,0,2,3,0,0,0,0,0,0
29,2,1247,2,20,2,2,1,349,4,1,45,3,2,7,4,0,6931,10732,2,0,0,14,3,4,80,1,10,2,3,3,2,0,2,0,0
39,2,492,1,12,3,3,1,1654,4,1,66,3,2,4,2,1,5295,7693,4,0,0,21,4,3,80,0,7,3,3,5,4,1,0,0,0
31,2,311,1,20,3,1,1,1881,2,1,89,3,2,2,3,0,4197,18624,1,0,0,11,3,1,80,1,10,2,3,10,8,0,2,0,0
36,1,1213,0,2,1,0,1,1890,2,1,94,2,2,1,4,2,3886,4223,1,0,0,21,4,4,80,0,10,2,2,10,1,0,8,0,0
34,2,404,1,2,4,5,1,1383,3,0,98,3,2,0,4,2,6687,6163,1,0,0,11,3,4,80,0,14,2,4,14,11,4,11,0,1
45,2,788,0,24,4,3,1,1049,2,1,36,3,1,1,2,2,2177,8318,1,0,0,16,3,1,80,0,6,3,3,6,3,0,4,0,0
23,2,541,2,2,1,5,1,113,3,1,62,3,1,8,1,0,2322,9518,3,0,0,13,3,3,80,1,3,3,3,0,0,0,0,0,0
32,2,1373,1,5,4,1,1,1966,4,1,56,2,2,4,4,2,9679,10138,8,0,0,24,4,2,80,0,8,1,3,1,0,0,0,0,1
29,2,1210,2,2,3,3,1,366,1,1,78,2,2,7,2,1,6644,3687,2,0,0,19,3,2,80,2,10,2,3,0,0,0,0,0,0
36,2,928,2,1,2,1,1,857,2,1,56,3,2,7,4,1,6201,2823,1,0,1,14,3,4,80,1,18,1,2,18,14,4,11,0,0
45,2,374,2,20,3,1,1,2046,4,0,50,3,2,7,3,2,4850,23333,8,0,0,15,3,3,80,0,8,3,3,5,3,0,1,0,1
24,2,581,1,9,3,3,1,1707,3,1,62,4,1,6,3,1,4401,17616,1,0,0,16,3,4,80,1,5,1,3,5,3,0,4,0,0
38,1,888,0,10,4,0,1,1563,3,1,71,3,2,1,3,1,6077,14814,3,0,0,11,3,3,80,0,10,2,3,6,3,1,2,0,1
33,1,1076,1,3,3,1,1,702,1,1,70,3,1,6,1,2,3348,3164,1,0,1,11,3,1,80,0,10,3,3,10,8,9,7,1,1
40,0,1479,2,24,3,1,1,986,2,0,100,4,4,7,2,2,13194,17071,4,0,1,16,3,4,80,0,22,2,2,1,0,0,0,1,0
33,2,147,1,4,4,3,1,305,3,0,47,2,1,6,2,1,2622,13248,6,0,0,21,4,4,80,0,7,3,3,3,2,1,1,0,0
24,2,1127,1,18,1,1,1,150,2,1,52,3,1,2,3,1,2774,13257,0,0,0,12,3,3,80,1,6,2,3,5,3,1,2,0,0
31,1,793,2,20,3,1,1,1135,3,1,67,4,1,8,4,1,2791,21981,0,0,0,12,3,1,80,1,3,4,3,2,2,2,2,0,0
52,2,621,2,3,4,2,1,776,3,1,31,2,4,3,1,1,16856,10084,1,0,0,11,3,1,80,0,34,3,4,34,6,1,16,0,0
45,2,1268,2,4,2,1,1,240,3,0,30,3,2,7,1,0,5006,6319,4,0,1,11,3,1,80,1,9,3,4,5,4,0,3,0,0
44,2,1099,2,5,3,2,1,1267,2,1,88,3,5,3,2,1,18213,8751,7,0,0,11,3,3,80,1,26,5,3,22,9,3,10,0,0
28,2,895,1,15,2,1,1,1102,1,1,50,3,1,2,3,0,2207,22482,1,0,0,16,3,4,80,1,4,5,2,4,2,2,2,0,0
46,2,734,1,2,4,3,1,1789,3,1,46,3,5,5,4,0,19328,14218,7,0,1,17,3,3,80,1,24,3,3,2,1,2,2,0,0
58,0,350,2,2,3,3,1,1824,2,1,52,3,4,3,2,0,16291,22577,4,0,0,22,4,4,80,1,37,0,2,16,9,14,14,0,0
36,2,325,1,10,4,5,1,1312,4,0,63,3,3,0,3,1,7094,5747,3,0,0,12,3,1,80,0,10,0,3,7,7,1,7,0,0
37,2,1372,1,1,3,1,1,391,4,0,42,3,1,6,4,2,2115,15881,1,0,0,12,3,2,80,0,17,3,3,17,12,5,7,0,0
37,2,674,1,13,3,3,1,1543,1,1,47,3,2,6,4,1,4285,3031,1,0,0,17,3,1,80,0,10,2,3,10,8,3,7,0,0
29,2,986,1,3,4,3,1,564,2,1,93,2,3,5,3,1,11935,21526,1,0,0,18,3,3,80,0,10,2,3,10,2,0,7,0,0
36,2,711,1,5,4,1,1,1651,2,0,42,3,3,0,1,1,8008,22792,4,0,0,12,3,3,80,2,9,6,3,3,2,0,2,0,0
44,2,1459,1,10,4,4,1,40,4,1,41,3,2,0,4,1,6465,19121,2,0,1,13,3,4,80,0,9,5,4,4,2,1,3,0,0
47,2,703,2,14,4,2,1,728,4,1,42,3,2,7,1,2,4960,11825,2,0,0,12,3,4,80,0,20,2,3,7,7,1,7,0,0
32,2,1045,2,4,4,3,1,291,4,1,32,1,3,7,4,1,10400,25812,1,0,0,11,3,3,80,0,14,2,2,14,8,9,8,1,1
44,2,170,1,1,4,1,1,1903,2,1,78,4,2,0,1,1,5033,9364,2,0,0,15,3,4,80,1,10,5,3,2,0,2,2,0,0
32,2,495,1,10,3,3,1,1516,3,1,64,3,3,3,4,2,11244,21072,2,0,0,25,4,2,80,0,10,5,4,5,2,0,0,0,1
34,2,401,1,1,3,1,1,1447,4,0,86,2,1,2,2,1,3294,3708,5,0,0,17,3,1,80,1,7,2,2,5,4,0,2,0,0
44,2,986,1,8,4,1,1,874,1,1,62,4,1,2,4,1,2818,5044,2,0,1,24,4,3,80,1,10,2,2,3,2,0,2,0,0
54,2,685,1,3,3,1,1,1250,4,1,85,3,4,5,4,1,17779,23474,3,0,0,14,3,1,80,0,36,2,3,10,9,0,9,0,0
43,2,920,1,3,3,1,1,1255,3,1,96,1,5,5,4,1,19740,18625,3,0,0,14,3,2,80,1,25,2,3,8,7,0,7,0,0
34,1,1069,1,2,1,1,1,256,4,1,45,2,2,4,3,1,9547,14074,1,0,0,17,3,3,80,0,10,2,2,10,9,1,9,0,0
26,1,575,1,3,1,5,1,510,3,1,73,3,1,6,1,2,3102,6582,0,0,0,22,4,3,80,0,7,2,3,6,4,0,4,1,0
38,2,1009,2,2,2,1,1,1355,2,0,31,3,2,7,1,0,6893,19461,3,0,0,15,3,4,80,1,11,3,3,7,7,1,7,0,0
28,1,783,2,1,2,1,1,1927,3,1,42,2,2,7,4,1,6834,19255,1,0,1,12,3,3,80,1,7,2,3,7,7,0,7,0,0
37,2,1462,1,11,3,3,1,1411,1,0,94,3,1,2,3,2,3629,19106,4,0,0,18,3,1,80,0,8,6,3,3,2,0,2,0,0
38,0,573,1,6,3,3,1,107,2,0,79,1,2,6,4,0,5329,15717,7,0,1,12,3,4,80,3,17,3,3,13,11,1,9,0,0
26,2,572,2,10,3,3,1,1836,3,1,46,3,2,7,4,2,4684,9125,1,0,0,13,3,1,80,0,5,4,3,5,3,1,2,0,0
46,1,1211,2,5,4,2,1,62,1,1,98,3,2,7,4,2,5772,20445,4,0,1,21,4,3,80,0,14,4,3,9,6,0,8,0,0
29,0,1496,1,1,1,5,1,208,4,1,41,3,2,4,3,1,4319,26283,1,0,0,13,3,1,80,1,10,1,3,10,7,0,9,0,1
29,2,1252,1,23,2,1,1,824,3,1,81,4,1,6,3,1,2700,23779,1,0,0,24,4,3,80,1,10,3,3,10,7,0,7,0,0
26,2,474,1,3,3,1,1,1581,1,0,89,3,1,6,4,1,2061,11133,1,0,0,21,4,1,80,0,1,5,3,1,0,0,0,0,0
24,2,771,1,1,2,1,1,1981,2,1,45,2,2,0,3,2,4617,14120,1,0,0,12,3,2,80,0,4,2,2,4,3,1,2,0,0
31,1,523,1,2,3,1,1,1464,2,1,94,3,1,2,4,1,3722,21081,6,0,1,13,3,3,80,1,7,2,1,2,2,2,2,1,0
48,2,492,2,16,4,1,1,1557,3,0,96,3,2,7,3,0,6439,13693,8,0,0,14,3,3,80,1,18,2,3,8,7,7,7,0,0
48,1,708,2,7,2,3,1,1691,4,0,95,3,1,8,3,1,2655,11740,2,0,1,11,3,3,80,2,19,3,3,9,7,7,7,1,0
38,2,345,2,10,2,1,1,2041,1,0,100,3,2,7,4,1,5343,5982,1,0,0,11,3,3,80,1,10,1,3,10,7,1,9,0,0
27,2,798,1,6,4,3,1,655,1,0,66,2,1,6,3,0,2187,5013,0,0,0,12,3,3,80,2,6,5,2,5,3,0,3,0,0
38,2,1380,1,9,2,1,1,245,3,0,75,3,1,2,4,2,2288,6319,1,0,0,12,3,3,80,0,2,3,3,2,2,2,1,0,0
42,2,265,2,5,2,2,1,1029,4,1,90,3,5,3,3,1,18303,7770,6,0,0,13,3,2,80,0,21,3,4,1,0,0,0,0,1
45,0,1238,1,1,1,1,1,1712,3,1,74,2,3,0,3,1,10748,3395,3,0,0,23,4,4,80,1,25,3,2,23,15,14,4,0,0
24,2,1371,2,10,4,2,1,507,4,0,77,3,2,7,3,0,4260,5915,1,0,1,12,3,4,80,1,5,2,4,5,2,0,3,0,0
34,2,254,1,1,2,1,1,649,2,1,83,2,1,6,4,1,3622,22794,1,0,1,13,3,4,80,1,6,3,3,6,5,1,3,0,0
26,2,192,1,1,2,3,1,1083,1,1,59,2,1,2,1,1,3955,11141,1,0,0,16,3,1,80,2,6,2,3,5,3,1,3,0,0
47,1,1093,2,9,3,1,1,1716,3,1,82,1,4,7,3,1,12936,24164,7,0,0,11,3,3,80,0,25,3,1,23,5,14,10,1,0
25,1,772,1,2,1,1,1,1653,4,1,77,4,2,4,3,0,5206,4973,1,0,0,17,3,3,80,2,7,6,3,7,7,0,7,0,0
41,2,483,1,6,3,3,1,466,4,1,95,2,2,4,2,2,6032,10110,6,0,1,15,3,4,80,0,8,3,3,5,4,1,2,0,1
20,2,1141,2,2,3,3,1,1657,3,0,31,3,1,8,3,2,2783,13251,1,0,0,19,3,1,80,0,2,3,3,2,2,2,2,0,0
26,1,426,0,17,4,1,1,608,2,0,58,3,1,1,3,0,2741,22808,0,0,1,11,3,2,80,1,8,2,2,7,7,1,0,1,1
47,1,719,2,27,2,1,1,785,2,0,77,4,2,7,3,2,6397,10339,4,0,1,12,3,4,80,0,8,2,3,5,4,1,3,1,0
26,1,575,1,1,2,1,1,792,1,0,71,1,1,2,4,0,4364,5288,3,0,0,14,3,1,80,1,5,2,3,2,2,2,0,0,0
37,2,1470,1,10,3,3,1,1640,2,0,71,3,1,6,2,1,3936,9953,1,0,0,11,3,1,80,1,8,2,1,8,4,7,7,0,0
40,2,1300,1,24,2,5,1,335,1,1,62,3,2,6,4,0,3319,24447,1,0,0,17,3,1,80,2,9,3,3,9,8,4,7,0,0
25,2,309,0,2,3,0,1,1987,3,0,82,3,1,1,2,1,2187,19655,4,0,0,14,3,3,80,0,6,3,3,2,0,1,2,0,0
47,0,1169,1,14,4,5,1,1934,3,1,64,3,2,6,2,1,5467,2125,8,0,0,18,3,3,80,1,16,4,4,8,7,1,7,0,0
29,2,592,1,7,3,1,1,1883,4,1,59,3,1,2,1,2,2062,19384,3,0,0,14,3,2,80,0,11,2,3,3,2,1,2,0,0
36,2,884,2,1,4,1,1,1585,2,0,73,3,2,7,3,2,6815,21447,6,0,0,13,3,1,80,0,15,5,3,1,0,0,0,0,1
34,2,1326,2,3,3,4,1,1478,4,1,81,1,2,7,1,2,4759,15891,3,0,0,18,3,4,80,0,15,2,3,13,9,3,12,0,0
27,2,954,2,9,3,2,1,1965,4,1,44,3,2,7,4,2,4105,5099,1,0,0,14,3,1,80,0,7,5,3,7,7,0,7,0,0
32,2,929,2,10,3,2,1,722,4,1,55,3,2,7,4,2,5396,21703,1,0,0,12,3,4,80,0,10,2,2,10,7,0,8,0,0
50,1,1234,1,20,5,3,1,1606,2,1,41,3,4,0,3,1,11245,20689,2,0,1,15,3,3,80,1,32,3,3,30,8,12,13,0,0
30,2,852,2,10,3,2,1,1179,3,1,72,2,2,7,3,1,6578,2706,1,0,0,18,3,1,80,1,10,3,3,10,3,1,4,0,0
21,2,156,2,12,3,1,1,494,3,0,90,4,1,8,2,2,2716,25422,1,0,0,15,3,4,80,0,1,0,3,1,0,0,0,1,0
26,2,1443,2,23,3,2,1,72,3,0,47,2,2,7,4,1,4157,21436,7,0,1,19,3,3,80,1,5,2,2,2,2,0,0,0,1
27,2,269,1,5,1,5,1,844,3,1,42,2,3,5,4,0,12808,8842,1,0,1,16,3,2,80,1,9,3,3,9,8,0,8,0,0
43,1,775,2,15,3,1,1,754,4,1,47,2,2,7,4,1,6804,23683,3,0,0,18,3,3,80,1,7,5,3,2,2,2,2,0,0
31,2,192,1,2,4,1,1,426,3,1,32,3,1,6,4,0,2695,7747,0,0,1,18,3,2,80,1,3,2,1,2,2,2,2,0,1
35,2,1402,2,28,4,1,1,1554,2,0,98,2,1,8,3,1,2430,26204,0,0,0,23,4,1,80,2,6,5,3,5,3,4,2,0,1
22,2,534,1,15,3,3,1,144,2,0,59,3,1,2,4,2,2871,23785,1,0,0,15,3,3,80,0,1,5,3,0,0,0,0,0,1
44,2,921,1,2,3,1,1,1703,3,0,96,4,3,0,4,1,7879,14810,1,0,1,19,3,2,80,1,9,2,3,8,7,6,7,0,0
37,2,807,0,6,4,0,1,133,3,1,63,3,1,1,1,0,2073,23648,4,0,1,22,4,4,80,0,7,3,3,3,2,0,2,1,1
42,1,1368,1,28,4,5,1,551,4,0,88,2,2,0,4,1,4523,4386,0,0,0,11,3,4,80,3,7,4,4,6,5,0,4,0,1
42,2,1265,1,3,3,1,1,894,3,0,95,4,2,2,4,1,5231,23726,2,0,1,13,3,2,80,1,17,1,2,5,3,1,3,0,0
31,2,1463,1,23,3,3,1,367,2,1,64,2,2,0,4,1,5582,14408,0,0,0,21,4,2,80,1,10,2,3,9,0,7,8,0,0
36,2,917,1,6,4,1,1,1221,3,1,60,1,1,2,3,0,2741,6865,1,0,0,14,3,3,80,1,7,4,3,7,7,1,7,0,1
18,2,230,1,3,3,1,1,405,3,1,54,3,1,2,3,2,1420,25233,1,0,0,13,3,3,80,0,0,2,3,0,0,0,0,1,1
47,1,217,2,3,3,3,1,746,4,0,49,3,4,7,3,0,13770,10225,9,0,1,12,3,4,80,2,28,2,2,22,2,11,13,0,1
34,2,1320,1,20,3,5,1,1265,3,0,89,4,1,6,3,1,2585,21643,0,0,0,17,3,4,80,0,2,5,2,1,0,0,0,0,1
58,2,1272,1,5,3,5,1,940,3,0,37,2,3,0,2,0,10552,9255,2,0,1,13,3,4,80,1,24,3,3,6,0,0,4,0,0
36,2,329,1,2,3,1,1,501,4,0,96,3,1,6,3,1,2543,11868,4,0,0,13,3,2,80,1,6,3,3,2,2,2,2,0,0
44,1,920,1,24,3,1,1,392,4,1,43,3,1,2,3,0,3161,19920,3,0,1,22,4,4,80,1,19,0,1,1,0,0,0,1,0
40,1,692,1,11,3,5,1,1985,4,0,73,3,2,2,3,1,6323,26849,1,0,0,11,3,1,80,1,10,2,4,10,9,9,4,0,1
54,2,155,1,9,2,1,1,1969,1,0,67,3,2,6,3,1,2897,22474,3,0,0,11,3,3,80,2,9,6,2,4,3,2,3,0,0
58,2,147,1,23,4,3,1,165,4,0,94,3,3,0,4,1,10312,3465,1,0,0,12,3,4,80,1,40,3,2,40,10,15,6,1,1
23,2,427,2,7,3,1,1,1702,3,1,99,3,1,8,4,0,2275,25103,1,0,1,21,4,2,80,1,3,2,3,3,2,0,2,1,1
31,1,444,2,5,3,2,1,399,4,0,84,3,1,8,2,0,2789,3909,1,0,0,11,3,3,80,1,2,5,2,2,2,2,2,0,0
38,2,827,1,1,4,1,1,724,2,0,33,4,2,0,4,2,7625,19383,0,0,0,13,3,3,80,0,10,4,2,9,7,1,8,0,0
38,2,397,1,2,2,3,1,1638,4,0,54,2,3,4,3,1,7756,14199,3,0,1,19,3,4,80,1,10,6,4,5,4,0,2,0,0
28,2,995,1,9,3,3,1,930,3,0,77,3,1,6,3,0,2377,9834,5,0,0,18,3,2,80,1,6,2,3,2,2,2,2,0,0
26,2,933,2,1,3,1,1,476,3,1,57,3,2,7,3,1,5296,20156,1,0,0,17,3,2,80,1,8,3,3,8,7,7,7,0,0
27,2,1157,1,17,3,5,1,233,3,1,51,3,1,6,2,1,3058,13364,0,0,1,16,3,4,80,1,6,3,2,5,2,1,1,0,0
32,2,529,1,2,3,5,1,2038,4,1,78,3,1,6,1,2,2439,11288,1,0,0,14,3,4,80,0,4,4,3,4,2,1,2,0,0
37,2,977,1,1,3,1,1,1196,4,0,56,2,2,4,4,1,6474,9961,1,0,0,13,3,2,80,1,14,2,2,14,8,3,11,0,0
29,2,469,2,10,3,3,1,1650,3,1,42,2,2,7,3,2,5869,23413,9,0,0,11,3,3,80,0,8,2,3,5,2,1,4,0,0
46,2,644,1,1,4,3,1,288,4,1,97,3,3,0,1,0,9396,12368,7,0,0,16,3,3,80,1,17,3,3,4,2,0,3,0,0
36,2,559,1,12,4,1,1,1614,3,0,76,3,2,4,3,1,4663,12421,9,0,1,12,3,2,80,2,7,2,3,3,2,1,1,0,0
32,2,1033,1,9,3,3,1,190,1,0,41,3,1,2,1,2,4200,10224,7,0,0,22,4,1,80,0,10,2,4,5,4,0,4,1,0
30,2,241,1,7,3,3,1,1609,2,1,48,2,1,6,2,1,2141,5348,1,0,0,12,3,2,80,1,6,3,2,6,4,1,1,0,0
31,0,587,2,2,4,1,1,1324,4,0,57,3,3,7,3,0,9852,8935,1,0,1,19,3,1,80,1,10,5,2,10,8,9,6,0,0
34,2,810,2,8,2,5,1,1823,2,1,92,4,2,7,3,1,6799,22128,1,0,0,21,4,3,80,2,10,5,3,10,8,4,8,0,0
44,1,602,0,1,5,0,1,1642,1,1,37,3,2,1,4,1,5743,10503,4,0,1,11,3,3,80,0,14,3,3,10,7,0,2,0,0
58,1,781,1,2,1,1,1,918,4,1,57,2,1,2,4,0,2380,13384,9,0,1,14,3,4,80,1,3,3,2,1,0,0,0,1,0
44,2,935,1,3,3,1,1,1333,1,1,89,3,1,2,1,1,2362,14669,4,0,0,12,3,3,80,0,10,4,4,3,2,1,2,1,0
31,2,1079,2,10,2,3,1,1912,3,0,86,3,2,7,4,0,6583,20115,2,0,1,11,3,4,80,1,8,2,3,5,2,1,4,0,0
38,2,1084,1,29,3,5,1,273,4,1,54,3,2,4,4,1,6261,4185,3,0,0,18,3,1,80,1,9,3,1,7,7,1,7,0,0
25,2,180,1,2,1,3,1,854,1,1,65,4,1,6,1,2,3424,21632,7,0,0,13,3,3,80,0,6,3,2,4,3,0,1,0,0
35,2,1258,1,1,4,1,1,826,4,0,40,4,1,6,3,2,2506,13301,3,0,0,13,3,3,80,0,7,0,3,2,2,2,2,0,0
36,2,188,1,7,4,4,1,949,2,1,65,3,1,6,4,2,4678,23293,2,0,0,18,3,3,80,0,8,6,3,6,2,0,1,0,0
36,2,557,2,3,3,3,1,2024,1,0,94,2,3,7,4,1,7644,12695,0,0,0,19,3,3,80,2,10,2,3,9,7,3,4,0,0
39,1,766,2,20,3,1,1,1812,3,1,83,3,2,7,4,0,4127,19188,2,0,0,18,3,4,80,1,7,6,3,2,1,2,2,0,0
35,2,809,1,16,3,3,1,14,1,1,84,4,1,2,2,1,2426,16479,0,0,0,13,3,3,80,1,6,5,3,5,4,0,3,0,0
41,1,857,1,10,3,1,1,199,4,1,91,2,4,3,1,0,17181,12888,4,0,0,13,3,2,80,1,21,2,2,7,6,7,7,0,0
36,2,530,2,3,1,1,1,967,3,1,51,2,3,7,4,1,10325,5518,1,0,1,11,3,1,80,1,16,6,3,16,7,3,7,1,0
29,1,442,2,2,2,1,1,388,2,1,44,3,2,7,4,2,4554,20260,1,0,0,18,3,1,80,0,10,3,2,10,7,0,9,0,0
36,1,566,1,18,4,1,1,407,3,1,81,4,1,2,4,1,3688,7122,4,0,0,18,3,4,80,2,4,2,3,1,0,0,0,0,0
33,2,213,1,7,3,3,1,817,3,1,49,3,3,5,3,1,11691,25995,0,0,0,11,3,4,80,0,14,3,4,13,9,3,7,0,0
36,2,506,1,3,3,5,1,397,3,1,30,3,2,6,2,2,4485,26285,4,0,0,12,3,4,80,0,10,2,3,8,0,7,7,0,0
38,2,1495,1,10,3,3,1,634,3,0,76,3,2,0,3,1,9824,22174,3,0,0,19,3,3,80,1,18,4,3,1,0,0,0,0,0
54,2,376,1,19,4,3,1,799,4,0,95,3,2,4,1,0,5485,22670,9,0,1,11,3,2,80,2,9,4,3,5,3,1,4,0,0
37,0,1413,1,5,2,5,1,1440,3,1,84,4,1,2,3,2,3500,25470,0,0,0,14,3,1,80,0,7,2,1,6,5,1,3,0,0
33,0,1038,2,8,1,1,1,1044,2,0,88,2,1,8,4,2,2342,21437,0,0,0,19,3,4,80,0,3,2,2,2,2,2,2,0,0
50,2,410,2,28,3,2,1,2055,4,1,39,2,3,7,1,0,10854,16586,4,0,1,13,3,2,80,1,20,3,3,3,2,2,0,1,0
49,2,470,1,20,4,3,1,170,3,0,96,3,2,4,1,1,6567,5549,1,0,0,14,3,3,80,0,16,2,2,15,11,5,11,0,0
33,1,430,2,7,3,3,1,1477,4,1,54,3,2,7,1,1,4373,17456,0,0,0,14,3,1,80,2,5,2,3,4,3,0,3,0,0
27,0,210,2,1,1,2,1,449,3,1,73,3,2,7,2,1,6349,22107,0,0,1,13,3,4,80,1,6,0,3,5,4,1,4,0,0
28,2,1157,1,2,4,3,1,440,1,1,84,1,1,6,4,1,3464,24737,5,0,1,13,3,4,80,0,5,4,2,3,2,2,2,1,1
39,2,1383,0,2,3,1,1,909,4,0,42,2,2,1,4,1,5204,7790,8,0,0,11,3,3,80,2,13,2,3,5,4,0,4,0,0
35,2,104,1,2,3,1,1,1569,1,0,69,3,1,2,1,0,2074,26619,1,0,1,12,3,4,80,1,1,2,3,1,0,0,0,1,1
50,2,1126,1,1,2,3,1,997,4,1,66,3,4,5,4,0,17399,6615,9,0,0,22,4,3,80,1,32,1,2,5,4,1,3,0,0
36,2,216,1,6,2,3,1,178,2,1,84,3,2,4,2,0,4941,2819,6,0,0,20,4,4,80,2,7,0,3,3,2,0,1,0,0
21,2,337,2,7,1,2,1,1780,2,1,31,3,1,8,2,2,2679,4567,1,0,0,13,3,2,80,0,1,3,3,1,0,1,0,1,0
50,1,1246,0,3,3,3,1,644,1,1,99,3,5,3,2,1,18200,7999,1,0,0,11,3,3,80,1,32,2,3,32,5,10,7,0,0
52,2,994,1,7,4,1,1,1118,2,1,87,3,3,0,2,2,10445,15322,7,0,0,19,3,4,80,0,18,4,3,8,6,4,0,0,0
33,2,1277,1,15,1,3,1,582,2,1,56,3,3,3,3,1,13610,24619,7,0,1,12,3,4,80,0,15,2,4,7,6,7,7,1,1
47,2,1001,1,4,3,1,1,1827,3,0,92,2,3,4,2,0,10333,19271,8,0,1,12,3,3,80,1,28,4,3,22,11,14,10,0,0
22,2,1230,1,1,2,1,1,872,4,1,33,2,2,4,4,1,4775,19146,6,0,0,22,4,1,80,2,4,2,1,2,2,2,2,0,0
28,2,890,1,2,4,3,1,828,3,1,46,3,1,6,3,2,4382,16374,6,0,0,17,3,4,80,0,5,3,2,2,2,2,1,1,0
33,0,530,2,16,3,1,1,1681,3,0,36,3,2,7,4,0,5368,16130,1,0,1,25,4,3,80,1,7,2,3,6,5,1,2,0,0
40,2,630,2,4,4,2,1,215,3,1,67,2,3,7,4,1,10855,8552,7,0,0,11,3,1,80,1,15,2,2,12,11,2,11,0,0
27,1,793,2,2,1,1,1,1371,4,1,43,1,2,7,4,2,5071,20392,3,0,0,20,4,2,80,0,8,3,3,6,2,0,0,0,0
40,2,543,1,1,4,1,1,2012,1,1,83,3,1,2,4,1,2406,4060,8,0,0,19,3,3,80,2,8,3,2,1,0,0,0,0,0
55,1,1091,1,2,1,1,1,1096,4,1,65,3,3,4,2,1,10976,15813,3,0,0,18,3,2,80,1,23,4,3,3,2,1,2,0,0
33,2,1017,1,25,3,3,1,1108,1,1,55,2,1,6,2,2,2313,2993,4,0,1,20,4,2,80,0,5,0,3,2,2,2,2,1,0
37,2,625,2,1,4,1,1,970,1,1,46,2,3,7,3,1,10609,14922,5,0,0,11,3,3,80,0,17,2,1,14,1,11,7,1,0
34,2,511,2,3,2,1,1,1779,4,0,32,1,2,7,4,2,6029,25353,5,0,0,12,3,1,80,0,6,3,3,2,2,2,2,0,1
46,2,168,2,4,2,2,1,1280,4,0,33,2,5,3,2,1,18789,9946,2,0,0,14,3,3,80,1,26,2,3,11,4,0,8,0,0
38,2,1245,2,14,3,1,1,1582,3,1,80,3,2,7,2,1,9924,12355,0,0,0,11,3,4,80,1,10,3,3,9,8,7,7,0,1
30,2,1138,1,6,3,5,1,1311,1,0,48,2,2,2,4,1,4627,23631,0,0,0,12,3,1,80,1,10,6,3,9,2,6,7,0,0
34,2,829,0,3,2,0,1,847,3,1,88,3,1,1,4,1,3737,2243,0,0,0,19,3,3,80,1,4,1,1,3,2,0,2,0,0
34,2,1130,1,3,3,1,1,1658,4,0,66,3,2,6,2,0,5433,19332,1,0,0,12,3,3,80,1,11,2,3,11,8,7,9,0,0
36,0,301,2,15,4,2,1,2036,4,1,88,1,2,7,4,0,5406,10436,1,0,0,24,4,1,80,1,15,4,2,15,12,11,11,0,0
35,2,1146,0,26,4,1,1,2040,3,0,31,3,3,1,4,2,8837,16642,1,0,1,16,3,3,80,0,9,2,3,9,0,1,7,0,0
35,2,1276,1,16,3,1,1,586,4,1,72,3,3,0,3,1,7632,14295,4,0,1,12,3,3,80,0,10,2,3,8,7,0,0,0,0
40,2,611,2,7,4,3,1,1740,2,1,88,3,5,3,2,2,19833,4349,1,0,0,14,3,2,80,0,21,3,2,21,8,12,8,0,0
24,2,1353,2,3,2,4,1,128,1,0,33,3,2,7,3,1,4999,17519,0,0,0,21,4,1,80,1,4,2,2,3,2,0,2,0,0
53,2,1376,2,2,2,3,1,981,3,1,45,3,4,3,3,0,14852,13938,6,0,0,13,3,3,80,1,22,3,4,17,13,15,2,0,1
32,2,977,1,2,3,3,1,1671,4,1,45,3,2,6,2,0,5470,25518,0,0,0,13,3,3,80,2,10,4,2,9,5,1,6,0,0
28,1,289,1,2,2,3,1,1504,3,1,38,2,1,2,1,2,2561,5355,7,0,0,11,3,3,80,0,8,2,2,0,0,0,0,1,0
55,2,1229,1,4,4,1,1,1501,4,1,30,3,2,0,3,1,4035,16143,0,0,1,16,3,2,80,0,4,2,3,3,2,1,2,0,0
30,2,317,1,2,3,1,1,548,3,0,43,1,2,4,4,2,6091,24793,2,0,0,20,4,3,80,0,11,2,3,5,4,0,2,0,0
26,1,887,1,5,2,3,1,848,3,0,88,2,1,6,3,1,2366,20898,1,0,1,14,3,1,80,1,8,2,3,8,7,1,7,1,1
23,2,1243,1,6,3,1,1,811,3,1,63,4,1,2,1,1,1601,3445,1,0,1,21,4,3,80,2,1,2,3,0,0,0,0,1,0
51,2,1169,1,7,4,3,1,211,2,1,34,2,2,4,3,1,6132,13983,2,0,0,17,3,3,80,0,10,2,3,1,0,0,0,0,0
42,2,932,1,1,2,1,1,827,4,0,43,2,2,4,4,1,6062,4051,9,0,1,13,3,4,80,1,8,4,3,4,3,0,2,0,1
35,2,1343,1,27,1,3,1,856,3,0,53,2,1,6,1,2,2559,17852,1,0,0,11,3,4,80,0,6,3,2,6,5,1,1,0,0
35,2,619,2,1,3,2,1,600,2,1,85,3,2,7,3,1,4717,18659,9,0,0,11,3,3,80,0,15,2,3,11,9,6,9,0,0
20,2,1362,1,10,1,3,1,701,4,1,32,3,1,6,3,2,1009,26999,1,0,1,11,3,4,80,0,1,5,3,1,0,1,1,1,1
28,2,736,2,26,3,1,1,1387,3,1,48,2,2,7,1,1,4724,24232,1,0,0,11,3,3,80,1,5,0,3,5,3,0,4,0,0
29,2,942,1,15,1,1,1,1202,2,0,69,1,1,6,4,1,2168,26933,0,0,1,18,3,1,80,1,6,2,2,5,4,1,3,0,1
43,2,982,1,12,3,1,1,520,1,1,59,2,4,5,2,0,14336,4345,1,0,0,11,3,3,80,1,25,3,3,25,10,3,9,0,0
40,1,902,1,26,2,3,1,1180,3,0,92,2,2,6,4,1,4422,21203,3,0,1,13,3,4,80,1,16,3,1,1,1,0,0,0,0
29,2,1401,1,6,1,3,1,1192,2,0,54,3,1,2,4,1,3131,26342,1,0,0,13,3,1,80,1,10,5,3,10,8,0,8,0,0
46,2,1319,2,3,3,5,1,1863,1,0,45,4,4,7,1,0,13225,7739,2,0,0,12,3,4,80,1,25,5,3,19,17,2,8,0,0
44,1,429,1,1,2,3,1,1792,3,1,99,3,1,6,2,0,2342,11092,1,0,1,12,3,3,80,3,6,2,2,5,3,2,3,1,1
47,2,359,1,2,4,3,1,1443,1,0,82,3,4,5,3,1,17169,26703,3,0,0,19,3,2,80,2,26,2,4,20,17,5,6,0,0
32,1,430,1,24,4,1,1,772,1,1,80,3,2,2,4,1,5309,21146,1,0,0,15,3,4,80,2,10,2,3,10,8,4,7,0,0
38,2,362,1,1,1,1,1,662,3,0,43,3,1,6,1,2,2619,14561,3,0,0,17,3,4,80,0,8,3,2,0,0,0,0,0,0
51,2,770,0,5,3,1,1,1352,3,1,84,3,4,3,2,0,14026,17588,1,0,1,11,3,2,80,1,33,2,3,33,9,0,10,0,0
58,0,390,1,1,4,1,1,422,4,1,32,1,2,0,3,0,5660,17056,2,0,1,13,3,4,80,1,12,2,3,5,3,1,2,0,0
35,2,195,2,1,3,3,1,620,1,0,80,3,2,7,3,2,4859,6698,1,0,0,16,3,4,80,0,5,3,3,5,4,0,3,0,0
45,2,1448,1,29,3,5,1,1465,2,1,55,3,3,4,4,1,9380,14720,4,0,1,18,3,4,80,2,10,4,4,3,1,1,2,0,1
56,2,832,1,9,3,3,1,762,3,1,81,3,4,0,4,1,11103,20420,7,0,0,11,3,3,80,0,30,1,2,10,7,1,1,0,0
37,2,124,1,3,3,4,1,1062,4,0,35,3,2,0,2,2,4107,13848,3,0,0,15,3,1,80,0,8,3,2,4,3,0,1,0,1
37,1,1278,2,1,4,3,1,1700,3,1,31,1,2,7,4,0,9525,7677,1,0,0,14,3,3,80,2,6,2,2,6,3,1,3,0,1
39,2,903,2,2,5,1,1,985,1,1,41,4,3,7,3,2,7880,2560,0,0,0,18,3,4,80,0,9,3,3,8,7,0,7,0,0
35,2,819,1,2,3,1,1,1182,3,1,44,2,3,4,2,0,10274,19588,2,0,0,18,3,2,80,1,15,2,4,7,7,6,4,0,0
54,2,1082,2,2,4,1,1,1070,3,0,41,2,3,7,3,1,10686,8392,6,0,0,11,3,2,80,1,13,4,3,9,4,7,0,0,0
32,0,1109,1,29,4,3,1,1046,4,0,69,3,1,2,3,2,4025,11135,9,0,0,12,3,2,80,0,10,2,3,8,7,7,7,0,0
48,2,530,2,29,1,3,1,473,1,0,91,3,3,3,3,1,12504,23978,3,0,0,21,4,2,80,1,15,3,1,0,0,0,0,0,1
33,1,827,1,1,4,4,1,998,3,0,84,4,2,0,2,1,5488,20161,1,0,1,13,3,1,80,1,6,2,3,6,5,1,2,0,0
31,2,249,2,6,4,1,1,163,2,1,76,1,2,7,3,1,6172,20739,4,0,1,18,3,2,80,0,12,3,2,7,7,7,7,1,0
46,2,526,2,1,2,2,1,244,2,0,92,3,3,7,1,0,10453,2137,1,0,0,25,4,3,80,3,24,2,3,24,13,15,7,0,0
38,2,688,1,23,4,1,1,393,4,1,82,3,2,0,4,0,5745,18899,9,0,0,14,3,2,80,1,10,2,3,2,2,1,2,0,0
38,2,1321,2,1,4,1,1,1995,4,1,86,3,2,7,2,1,4440,7636,0,0,0,15,3,1,80,2,16,3,3,15,13,5,8,0,0
43,2,1179,2,2,3,3,1,1706,4,1,73,3,2,7,4,1,7847,6069,1,0,1,17,3,1,80,1,10,3,3,10,9,8,8,0,0
37,1,889,1,9,3,3,1,403,2,1,53,3,1,6,4,1,2326,11411,1,0,1,12,3,3,80,3,4,3,2,4,2,1,2,0,1
39,2,1162,2,3,2,3,1,445,4,0,41,3,2,7,3,1,5238,17778,4,0,1,18,3,1,80,0,12,3,2,1,0,0,0,1,0
28,2,1169,0,8,2,3,1,869,2,1,63,2,1,1,4,0,4936,23965,1,0,0,13,3,4,80,1,6,6,3,5,1,0,4,0,0
35,1,1199,1,18,4,1,1,2049,3,1,80,3,2,0,3,1,5689,24594,1,0,1,14,3,4,80,2,10,2,4,10,2,0,2,0,0
30,2,288,1,2,3,1,1,117,3,1,99,2,2,0,4,1,4152,15830,1,0,0,19,3,1,80,3,11,3,3,11,10,10,8,0,0
39,2,412,1,13,4,3,1,1307,3,0,94,2,4,3,2,0,17123,17334,6,0,1,13,3,4,80,2,21,4,3,19,9,15,2,0,0
43,2,823,1,6,3,3,1,1866,1,0,81,2,5,3,3,1,19392,22539,7,0,0,13,3,4,80,0,21,2,3,16,12,6,14,0,0
27,2,975,1,7,3,3,1,764,4,0,55,2,2,0,1,2,6811,23398,8,0,0,19,3,1,80,0,9,2,1,7,6,0,7,0,0
42,2,462,2,14,2,3,1,936,3,0,68,2,2,7,3,2,6244,7824,7,0,0,17,3,1,80,0,10,6,3,5,4,0,3,0,0
31,2,471,1,4,3,3,1,1916,1,0,62,4,1,2,3,0,3978,16031,8,0,0,12,3,2,80,1,4,0,2,2,2,2,2,0,0
39,2,1122,1,6,3,3,1,932,4,1,70,3,1,2,1,1,2404,4303,7,0,1,21,4,4,80,0,8,2,1,2,2,2,2,1,0
29,2,694,1,1,3,1,1,1264,4,0,87,2,4,5,4,0,16124,3423,3,0,0,14,3,2,80,2,9,2,2,7,7,1,7,0,0
49,1,636,1,10,4,1,1,396,3,0,35,3,5,5,1,2,18665,25594,9,0,1,11,3,4,80,0,22,4,3,3,2,1,2,0,0
38,2,1404,2,1,3,1,1,1961,1,1,59,2,1,8,1,2,2858,11473,4,0,0,14,3,1,80,0,20,3,2,1,0,0,0,0,1
35,2,1395,1,9,4,3,1,2008,2,1,48,3,2,6,3,2,5098,18698,1,0,0,19,3,2,80,0,10,5,3,10,7,0,8,0,1
42,2,810,1,23,5,1,1,468,1,0,44,3,4,5,4,2,15992,15901,2,0,0,14,3,2,80,0,16,2,3,1,0,0,0,0,0
31,1,561,1,3,3,1,1,1537,4,0,33,3,1,6,3,2,4084,4156,1,0,0,12,3,1,80,0,7,2,1,7,2,7,7,1,0
34,2,1239,2,13,4,3,1,1951,4,1,39,3,3,7,3,0,8628,22914,1,0,0,18,3,3,80,1,9,2,2,8,7,1,1,0,0
36,2,1425,1,14,1,1,1,924,3,1,68,3,2,0,4,1,6586,4821,0,0,1,17,3,1,80,1,17,2,2,16,8,4,11,0,0
27,1,829,2,8,1,2,1,800,3,1,84,3,2,7,4,1,4342,24008,0,0,0,19,3,2,80,1,5,3,3,4,2,1,1,0,0
40,0,1094,2,28,3,4,1,615,3,1,58,1,3,7,1,0,10932,11373,3,0,0,15,3,3,80,1,20,2,3,1,0,0,1,0,1
34,2,971,2,1,3,5,1,1535,4,1,64,2,3,7,3,1,7083,12288,1,0,1,14,3,4,80,0,10,3,3,10,9,8,6,0,0
43,2,1001,1,7,3,1,1,451,3,0,43,3,3,0,1,1,9985,9262,8,0,0,16,3,1,80,1,10,1,2,1,0,0,0,0,1
31,2,326,2,8,2,1,1,1453,1,1,31,3,3,7,4,0,10793,8386,1,0,0,18,3,1,80,1,13,5,3,13,7,9,9,0,0
41,2,642,1,1,3,1,1,1999,4,1,76,3,1,6,4,1,2782,21412,3,0,0,22,4,1,80,1,12,3,3,5,3,1,0,0,0
31,1,1125,1,1,3,1,1,1956,4,1,48,1,2,6,1,1,5003,5771,1,0,0,21,4,2,80,0,10,6,3,10,8,8,7,0,0
45,1,1297,1,1,4,3,1,1922,2,1,44,3,2,0,3,2,5399,14511,4,0,0,12,3,3,80,0,12,3,3,4,2,0,3,0,0
33,1,508,2,10,3,2,1,446,2,1,46,2,2,7,4,2,4682,4317,3,0,0,14,3,3,80,0,9,6,2,7,7,0,1,0,0
27,2,1220,1,5,3,1,1,434,3,0,85,3,1,6,2,2,2478,20938,1,0,1,12,3,2,80,0,4,2,2,4,3,1,2,0,0
36,1,884,1,23,2,3,1,2061,3,1,41,4,2,2,4,1,2571,12290,4,0,0,17,3,3,80,1,17,3,3,5,2,0,3,0,0
33,2,267,1,21,3,3,1,1698,2,1,79,4,1,2,2,1,2028,13637,1,0,0,18,3,4,80,3,14,6,3,14,11,2,13,0,0
31,2,670,1,26,1,1,1,16,1,1,31,3,1,6,3,0,2911,15170,1,0,0,17,3,4,80,1,5,1,2,5,2,4,3,0,0
19,1,602,2,1,1,5,1,235,3,0,100,1,1,8,1,2,2325,20989,0,0,0,21,4,1,80,0,1,5,4,0,0,0,0,1,0
32,1,1311,1,7,3,1,1,359,2,1,100,4,1,2,2,1,2794,26062,1,0,0,20,4,3,80,0,5,3,1,5,1,0,3,0,0
36,0,217,1,18,4,1,1,1133,1,1,78,3,2,4,4,2,7779,23238,2,0,0,20,4,1,80,0,18,0,3,11,9,0,9,0,0
37,2,1239,0,8,2,4,1,1794,3,1,89,3,2,1,2,0,4071,12832,2,0,0,13,3,3,80,0,19,4,2,10,0,4,7,0,0
28,2,1144,2,10,1,3,1,1056,4,1,74,3,1,8,2,1,1052,23384,1,0,0,22,4,2,80,0,1,5,3,1,0,0,0,0,0
25,2,959,2,28,3,1,1,183,1,1,41,2,2,7,3,1,8639,24835,2,0,0,18,3,4,80,0,6,3,3,2,2,2,2,0,0
29,2,805,1,1,2,1,1,816,2,0,36,2,1,2,1,1,2319,6689,1,0,1,11,3,4,80,1,1,1,3,1,0,0,0,1,1
29,2,1107,1,28,4,1,1,1120,3,0,93,3,1,6,4,0,2514,26968,4,0,0,22,4,1,80,1,11,1,3,7,5,1,7,0,0
41,0,247,1,7,1,1,1,1035,2,0,55,1,5,5,3,0,19973,20284,1,0,0,22,4,2,80,2,21,3,3,21,16,5,10,0,0
30,2,1240,0,9,3,0,1,184,3,1,48,3,2,1,4,1,6347,13982,0,0,1,19,3,4,80,0,12,2,1,11,9,4,7,0,0
39,2,1253,1,10,1,3,1,1800,3,1,65,3,3,5,3,2,13464,7914,7,0,0,21,4,3,80,0,9,3,3,4,3,2,2,0,0
22,2,1294,1,8,1,3,1,1783,3,0,79,3,1,2,1,1,2398,15999,1,0,1,17,3,3,80,0,1,6,3,1,0,0,0,1,0
31,0,979,1,1,4,3,1,308,3,1,90,1,2,4,3,1,4345,4381,0,0,0,12,3,4,80,1,6,2,3,5,4,1,4,0,1
45,2,1234,2,11,2,1,1,1045,4,0,90,3,4,3,4,1,17650,5404,3,0,0,13,3,2,80,1,26,4,4,9,3,1,1,0,1
42,1,532,1,29,2,1,1,547,1,0,92,3,2,6,3,0,4556,12932,2,0,0,11,3,2,80,1,19,3,3,5,4,0,2,0,0
31,1,798,1,7,2,1,1,442,3,0,48,2,3,4,3,1,8943,14034,1,0,0,24,4,1,80,1,10,2,3,10,9,8,9,0,0
51,2,1302,1,2,3,3,1,408,4,1,84,1,2,4,2,0,5482,16321,5,0,0,18,3,4,80,1,13,3,3,4,1,1,2,0,0
34,1,669,1,1,3,3,1,1184,4,1,97,2,2,0,1,2,5343,25755,0,0,0,20,4,3,80,0,14,3,3,13,9,4,9,0,0
33,0,722,2,17,3,1,1,992,4,1,38,3,4,3,3,2,17444,20489,1,0,0,11,3,4,80,0,10,2,3,10,8,6,0,0,0
35,2,1224,2,7,4,1,1,1962,3,0,55,3,2,7,4,1,5204,13586,1,0,1,11,3,4,80,0,10,2,3,10,8,0,9,0,0
40,2,444,2,2,2,2,1,1986,2,0,92,3,2,7,2,1,5677,4258,3,0,0,14,3,3,80,1,15,4,3,11,8,5,10,0,0
33,2,536,2,10,5,2,1,1268,4,1,82,4,3,7,3,0,8380,21708,0,0,1,14,3,4,80,2,10,3,3,9,8,0,8,0,0
34,2,1400,2,9,1,1,1,1163,2,0,70,3,2,7,3,1,5714,5829,1,0,0,20,4,1,80,0,6,3,2,6,5,1,3,0,0
34,2,1397,1,1,5,1,1,683,2,1,42,3,1,6,4,1,2691,7660,1,0,0,12,3,4,80,1,10,4,2,10,9,8,8,0,0
30,2,153,1,8,2,1,1,1015,2,0,73,4,3,5,1,1,11416,17802,0,0,1,12,3,3,80,3,9,4,2,8,7,1,7,0,0
33,1,1392,1,3,4,1,1,5,4,0,56,3,1,6,3,1,2909,23159,1,0,1,11,3,3,80,0,8,3,3,8,7,3,0,0,1
45,0,248,1,23,2,1,1,1002,4,1,42,3,2,2,1,1,3633,14039,1,0,1,15,3,3,80,1,9,2,3,9,8,0,8,0,1
37,0,142,2,9,4,3,1,626,1,1,69,3,3,7,2,0,8834,24666,1,0,0,13,3,4,80,1,9,6,3,9,5,7,7,0,0
31,2,691,2,7,3,2,1,438,4,1,73,3,2,7,4,0,7547,7143,4,0,0,12,3,4,80,3,13,3,3,7,7,1,7,0,0
32,1,1005,1,2,2,1,1,8,4,1,79,3,1,2,4,2,3068,11864,0,0,0,13,3,3,80,0,8,2,2,7,7,3,6,0,0
28,2,640,1,1,3,5,1,1301,4,1,84,3,1,6,1,2,2080,4732,2,0,0,11,3,2,80,0,5,2,2,3,2,1,2,0,0
26,2,683,1,2,1,3,1,1407,1,1,36,2,1,6,4,2,3904,4050,0,0,0,12,3,4,80,0,5,2,3,4,3,1,1,0,0
30,2,138,1,22,3,1,1,1004,1,0,48,3,1,6,3,1,2132,11539,4,0,1,11,3,2,80,0,7,2,3,5,2,0,1,1,1
33,1,1141,2,1,3,1,1,52,3,0,42,4,2,7,1,1,5376,3193,2,0,0,19,3,1,80,2,10,3,3,5,3,1,3,0,0
38,2,168,1,1,3,1,1,743,3,0,81,3,3,4,3,2,7861,15397,4,0,1,14,3,4,80,0,10,4,4,1,0,0,0,0,0
41,2,1411,1,19,2,1,1,334,3,1,36,3,2,6,1,0,3072,19877,2,0,0,16,3,1,80,2,17,2,2,1,0,0,0,0,0
51,1,1150,1,8,4,1,1,179,1,1,53,1,3,4,4,2,10650,25150,2,0,0,15,3,4,80,0,18,2,3,4,2,0,3,1,0
38,1,471,1,12,3,1,1,837,1,1,45,2,2,0,1,0,6288,4284,2,0,0,15,3,3,80,1,13,3,2,4,3,1,2,0,0
27,2,728,2,23,1,3,1,1864,2,0,36,2,2,8,3,1,3540,7018,1,0,0,21,4,4,80,1,9,5,3,9,8,5,8,0,0
53,2,102,1,23,4,1,1,901,4,0,72,3,4,5,4,2,14275,20206,6,0,0,18,3,3,80,0,33,0,3,12,9,3,8,0,0
30,2,1358,2,16,1,1,1,1479,4,1,96,3,2,7,3,1,5301,2939,8,0,0,15,3,3,80,2,4,2,2,2,1,2,2,0,0
30,2,945,2,9,3,3,1,1876,2,1,89,3,1,8,4,2,1081,16019,1,0,0,13,3,3,80,0,1,3,2,1,0,0,0,1,0
30,2,921,1,1,3,1,1,806,4,1,38,1,1,2,3,1,3833,24375,3,0,0,21,4,3,80,2,7,2,3,2,2,0,2,0,0
58,2,1055,1,1,3,3,1,1423,4,0,76,3,5,5,1,1,19701,22456,3,0,1,21,4,3,80,1,32,3,3,9,8,1,5,0,0
34,2,216,2,1,4,2,1,1047,2,1,75,4,2,7,4,0,9725,12278,0,0,0,11,3,4,80,1,16,2,2,15,1,0,9,0,0
26,1,1096,1,6,3,4,1,1918,3,1,61,4,1,2,4,1,2544,7102,0,0,0,18,3,1,80,1,8,3,3,7,7,7,7,0,0
51,2,1178,2,14,2,1,1,500,3,0,87,3,2,7,4,1,4936,14862,4,0,0,11,3,3,80,1,18,2,2,7,7,0,7,0,0
39,2,117,1,10,1,3,1,429,3,1,99,3,4,3,1,1,17068,5355,1,0,1,14,3,4,80,0,21,3,3,21,9,11,10,0,0
